season,celebrity,week,FanVote%
1,Evander Holyfield,1,12.74
1,Evander Holyfield,2,12.28
1,Evander Holyfield,3,11.26
1,Joey McIntyre,1,16.25
1,Joey McIntyre,2,15.87
1,Joey McIntyre,3,15.72
1,Joey McIntyre,4,17.0
1,Joey McIntyre,5,15.75
1,John O'Hurley,1,30.39
1,John O'Hurley,2,30.83
1,John O'Hurley,3,32.09
1,John O'Hurley,4,36.73
1,John O'Hurley,5,37.8
1,John O'Hurley,6,44.82
1,Kelly Monaco,1,36.24
1,Kelly Monaco,2,37.23
1,Kelly Monaco,3,38.65
1,Kelly Monaco,4,44.12
1,Kelly Monaco,5,46.45
1,Kelly Monaco,6,55.18
1,Rachel Hunter,1,2.96
1,Rachel Hunter,2,2.6
1,Rachel Hunter,3,2.28
1,Rachel Hunter,4,2.15
1,Trista Sutter,1,1.43
1,Trista Sutter,2,1.2
2,Drew Lachey,1,9.16
2,Drew Lachey,2,8.98
2,Drew Lachey,3,8.76
2,Drew Lachey,4,8.75
2,Drew Lachey,5,12.47
2,Drew Lachey,6,12.26
2,Drew Lachey,7,12.4
2,Drew Lachey,8,12.72
2,George Hamilton,1,5.14
2,George Hamilton,2,4.82
2,George Hamilton,3,4.47
2,George Hamilton,4,4.15
2,George Hamilton,5,5.46
2,George Hamilton,6,4.82
2,Giselle Fernandez,1,0.71
2,Giselle Fernandez,2,0.59
2,Giselle Fernandez,3,0.48
2,Jerry Rice,1,34.67
2,Jerry Rice,2,36.94
2,Jerry Rice,3,39.16
2,Jerry Rice,4,42.04
2,Jerry Rice,5,64.44
2,Jerry Rice,6,68.09
2,Jerry Rice,7,73.07
2,Jerry Rice,8,74.97
2,Kenny Mayne,1,1.92
2,Lisa Rinna,1,3.59
2,Lisa Rinna,2,3.3
2,Lisa Rinna,3,2.94
2,Lisa Rinna,4,2.67
2,Lisa Rinna,5,3.45
2,Lisa Rinna,6,2.99
2,Lisa Rinna,7,2.54
2,Master P,1,31.99
2,Master P,2,33.2
2,Master P,3,33.8
2,Master P,4,32.25
2,Stacy Keibler,1,8.92
2,Stacy Keibler,2,8.73
2,Stacy Keibler,3,8.5
2,Stacy Keibler,4,8.47
2,Stacy Keibler,5,12.04
2,Stacy Keibler,6,11.85
2,Stacy Keibler,7,12.0
2,Stacy Keibler,8,12.31
2,Tatum O'Neal,1,1.47
2,Tatum O'Neal,2,1.28
2,Tia Carrere,1,2.41
2,Tia Carrere,2,2.15
2,Tia Carrere,3,1.89
2,Tia Carrere,4,1.69
2,Tia Carrere,5,2.14
3,Emmitt Smith,1,28.2
3,Emmitt Smith,2,29.67
3,Emmitt Smith,3,30.98
3,Emmitt Smith,4,31.88
3,Emmitt Smith,5,32.91
3,Emmitt Smith,6,36.32
3,Emmitt Smith,7,37.94
3,Emmitt Smith,8,46.05
3,Emmitt Smith,9,49.66
3,Emmitt Smith,10,56.23
3,Harry Hamlin,1,1.14
3,Harry Hamlin,2,0.97
3,Harry Hamlin,3,0.75
3,Jerry Springer,1,18.22
3,Jerry Springer,2,18.63
3,Jerry Springer,3,18.52
3,Jerry Springer,4,18.42
3,Jerry Springer,5,18.14
3,Jerry Springer,6,17.33
3,Jerry Springer,7,15.68
3,Joey Lawrence,1,12.7
3,Joey Lawrence,2,12.73
3,Joey Lawrence,3,12.64
3,Joey Lawrence,4,12.63
3,Joey Lawrence,5,12.64
3,Joey Lawrence,6,12.57
3,Joey Lawrence,7,11.78
3,Joey Lawrence,8,12.79
3,Joey Lawrence,9,11.8
3,Mario Lopez,1,21.98
3,Mario Lopez,2,22.84
3,Mario Lopez,3,23.31
3,Mario Lopez,4,24.18
3,Mario Lopez,5,25.07
3,Mario Lopez,6,27.85
3,Mario Lopez,7,29.1
3,Mario Lopez,8,35.48
3,Mario Lopez,9,38.54
3,Mario Lopez,10,43.77
3,Monique Coleman,1,6.98
3,Monique Coleman,2,6.73
3,Monique Coleman,3,6.43
3,Monique Coleman,4,6.25
3,Monique Coleman,5,6.02
3,Monique Coleman,6,5.92
3,Monique Coleman,7,5.5
3,Monique Coleman,8,5.68
3,Sara Evans,1,6.23
3,Sara Evans,2,5.9
3,Sara Evans,3,5.45
3,Sara Evans,4,5.09
3,Sara Evans,5,4.27
3,Shanna Moakler,1,0.35
3,Shanna Moakler,2,0.27
3,Tucker Carlson,1,1.62
3,Vivica A. Fox,1,0.71
3,Vivica A. Fox,2,0.59
3,Vivica A. Fox,3,0.48
3,Vivica A. Fox,4,0.38
3,Willa Ford,1,1.88
3,Willa Ford,2,1.68
3,Willa Ford,3,1.45
3,Willa Ford,4,1.17
3,Willa Ford,5,0.94
4,Apolo Anton Ohno,1,13.9
4,Apolo Anton Ohno,2,14.07
4,Apolo Anton Ohno,3,14.14
4,Apolo Anton Ohno,4,14.68
4,Apolo Anton Ohno,5,15.26
4,Apolo Anton Ohno,6,17.96
4,Apolo Anton Ohno,7,18.54
4,Apolo Anton Ohno,8,21.24
4,Apolo Anton Ohno,9,32.03
4,Apolo Anton Ohno,10,35.28
4,Billy Ray Cyrus,1,22.42
4,Billy Ray Cyrus,2,23.15
4,Billy Ray Cyrus,3,24.15
4,Billy Ray Cyrus,4,25.43
4,Billy Ray Cyrus,5,27.34
4,Billy Ray Cyrus,6,32.13
4,Billy Ray Cyrus,7,33.2
4,Billy Ray Cyrus,8,32.69
4,Clyde Drexler,1,15.21
4,Clyde Drexler,2,15.37
4,Clyde Drexler,3,15.35
4,Clyde Drexler,4,14.28
4,Clyde Drexler,5,12.98
4,Heather Mills,1,1.69
4,Heather Mills,2,1.49
4,Heather Mills,3,1.31
4,Heather Mills,4,1.15
4,Heather Mills,5,1.02
4,Heather Mills,6,0.96
4,Ian Ziering,1,6.89
4,Ian Ziering,2,6.6
4,Ian Ziering,3,6.38
4,Ian Ziering,4,6.22
4,Ian Ziering,5,6.21
4,Ian Ziering,6,6.84
4,Ian Ziering,7,6.65
4,Ian Ziering,8,6.89
4,Ian Ziering,9,8.92
4,Joey Fatone,1,12.63
4,Joey Fatone,2,12.6
4,Joey Fatone,3,12.68
4,Joey Fatone,4,12.98
4,Joey Fatone,5,13.54
4,Joey Fatone,6,15.69
4,Joey Fatone,7,16.24
4,Joey Fatone,8,18.42
4,Joey Fatone,9,27.91
4,Joey Fatone,10,30.49
4,John Ratzenberger,1,9.43
4,John Ratzenberger,2,9.23
4,John Ratzenberger,3,9.07
4,John Ratzenberger,4,8.83
4,John Ratzenberger,5,8.43
4,John Ratzenberger,6,8.7
4,John Ratzenberger,7,7.16
4,Laila Ali,1,14.06
4,Laila Ali,2,14.2
4,Laila Ali,3,14.33
4,Laila Ali,4,14.74
4,Laila Ali,5,15.23
4,Laila Ali,6,17.73
4,Laila Ali,7,18.2
4,Laila Ali,8,20.76
4,Laila Ali,9,31.14
4,Laila Ali,10,34.23
4,Leeza Gibbons,1,2.4
4,Leeza Gibbons,2,2.16
4,Leeza Gibbons,3,1.91
4,Leeza Gibbons,4,1.68
4,Paulina Porizkova,1,0.36
4,Paulina Porizkova,2,0.29
4,Shandi Finnessey,1,1.01
4,Shandi Finnessey,2,0.86
4,Shandi Finnessey,3,0.68
5,Albert Reed,1,0.23
5,Albert Reed,2,0.17
5,Cameron Mathison,1,5.22
5,Cameron Mathison,2,4.97
5,Cameron Mathison,3,4.71
5,Cameron Mathison,4,4.62
5,Cameron Mathison,5,4.35
5,Cameron Mathison,6,4.24
5,Cameron Mathison,7,3.84
5,Cameron Mathison,8,3.28
5,Floyd Mayweather Jr. ,1,2.95
5,Floyd Mayweather Jr. ,2,2.65
5,Floyd Mayweather Jr. ,3,2.35
5,Floyd Mayweather Jr. ,4,2.05
5,Helio Castroneves,1,16.01
5,Helio Castroneves,2,16.47
5,Helio Castroneves,3,16.81
5,Helio Castroneves,4,18.15
5,Helio Castroneves,5,18.67
5,Helio Castroneves,6,19.96
5,Helio Castroneves,7,20.01
5,Helio Castroneves,8,20.48
5,Helio Castroneves,9,21.15
5,Helio Castroneves,10,22.66
5,Jane Seymour,1,4.53
5,Jane Seymour,2,4.29
5,Jane Seymour,3,4.03
5,Jane Seymour,4,3.96
5,Jane Seymour,5,3.69
5,Jane Seymour,6,3.58
5,Jane Seymour,7,2.92
5,Jennie Garth,1,8.01
5,Jennie Garth,2,7.84
5,Jennie Garth,3,7.65
5,Jennie Garth,4,7.82
5,Jennie Garth,5,7.68
5,Jennie Garth,6,7.81
5,Jennie Garth,7,7.51
5,Jennie Garth,8,7.2
5,Jennie Garth,9,6.41
5,Josie Maran,1,1.31
5,Marie Osmond,1,31.85
5,Marie Osmond,2,34.05
5,Marie Osmond,3,36.43
5,Marie Osmond,4,40.92
5,Marie Osmond,5,44.16
5,Marie Osmond,6,48.57
5,Marie Osmond,7,50.11
5,Marie Osmond,8,52.94
5,Marie Osmond,9,55.62
5,Marie Osmond,10,59.38
5,Mark Cuban,1,8.61
5,Mark Cuban,2,8.47
5,Mark Cuban,3,8.06
5,Mark Cuban,4,7.74
5,Mark Cuban,5,6.57
5,Mel B,1,13.06
5,Mel B,2,13.21
5,Mel B,3,13.35
5,Mel B,4,14.19
5,Mel B,5,14.42
5,Mel B,6,15.44
5,Mel B,7,15.61
5,Mel B,8,16.11
5,Mel B,9,16.82
5,Mel B,10,17.96
5,Sabrina Bryan,1,0.83
5,Sabrina Bryan,2,0.71
5,Sabrina Bryan,3,0.6
5,Sabrina Bryan,4,0.54
5,Sabrina Bryan,5,0.45
5,Sabrina Bryan,6,0.39
5,Wayne Newton,1,7.39
5,Wayne Newton,2,7.17
5,Wayne Newton,3,6.01
6,Adam Carolla,1,6.77
6,Adam Carolla,2,6.5
6,Adam Carolla,3,6.36
6,Adam Carolla,4,6.03
6,Cristian de la Fuente,1,22.85
6,Cristian de la Fuente,2,23.69
6,Cristian de la Fuente,3,25.05
6,Cristian de la Fuente,4,26.85
6,Cristian de la Fuente,5,30.01
6,Cristian de la Fuente,6,32.08
6,Cristian de la Fuente,7,35.44
6,Cristian de la Fuente,8,35.49
6,Cristian de la Fuente,9,36.97
6,Cristian de la Fuente,10,48.29
6,Jason Taylor,1,17.18
6,Jason Taylor,2,17.49
6,Jason Taylor,3,18.18
6,Jason Taylor,4,19.1
6,Jason Taylor,5,20.95
6,Jason Taylor,6,21.99
6,Jason Taylor,7,23.83
6,Jason Taylor,8,25.16
6,Jason Taylor,9,26.74
6,Jason Taylor,10,34.92
6,Kristi Yamaguchi,1,10.32
6,Kristi Yamaguchi,2,10.16
6,Kristi Yamaguchi,3,10.25
6,Kristi Yamaguchi,4,10.43
6,Kristi Yamaguchi,5,11.13
6,Kristi Yamaguchi,6,11.31
6,Kristi Yamaguchi,7,11.95
6,Kristi Yamaguchi,8,12.21
6,Kristi Yamaguchi,9,12.88
6,Kristi Yamaguchi,10,16.79
6,Mario,1,4.37
6,Mario,2,4.08
6,Mario,3,3.9
6,Mario,4,3.53
6,Mario,5,3.34
6,Mario,6,3.02
6,Mario,7,2.83
6,Mario,8,2.42
6,Marissa Jaret Winokur,1,22.42
6,Marissa Jaret Winokur,2,23.24
6,Marissa Jaret Winokur,3,24.53
6,Marissa Jaret Winokur,4,24.22
6,Marissa Jaret Winokur,5,24.92
6,Marissa Jaret Winokur,6,24.56
6,Marissa Jaret Winokur,7,24.99
6,Marissa Jaret Winokur,8,24.72
6,Marissa Jaret Winokur,9,23.41
6,Marlee Matlin,1,7.06
6,Marlee Matlin,2,6.8
6,Marlee Matlin,3,6.68
6,Marlee Matlin,4,6.39
6,Marlee Matlin,5,6.37
6,Marlee Matlin,6,5.93
6,Monica Seles,1,1.87
6,Monica Seles,2,1.66
6,Penn Jillette,1,0.67
6,Penn Jillette,2,0.56
6,Priscilla Presley,1,2.69
6,Priscilla Presley,2,2.44
6,Priscilla Presley,3,2.25
6,Priscilla Presley,4,2.11
6,Priscilla Presley,5,2.01
6,Shannon Elizabeth,1,1.85
6,Shannon Elizabeth,2,1.64
6,Shannon Elizabeth,3,1.48
6,Shannon Elizabeth,4,1.34
6,Shannon Elizabeth,5,1.27
6,Shannon Elizabeth,6,1.11
6,Shannon Elizabeth,7,0.97
6,Steve Guttenberg,1,1.97
6,Steve Guttenberg,2,1.75
6,Steve Guttenberg,3,1.32
7,Brooke Burke,1,10.99
7,Brooke Burke,2,11.3
7,Brooke Burke,3,11.83
7,Brooke Burke,4,12.18
7,Brooke Burke,5,13.13
7,Brooke Burke,6,13.65
7,Brooke Burke,7,17.2
7,Brooke Burke,8,18.23
7,Brooke Burke,9,20.16
7,Brooke Burke,10,23.59
7,Cloris Leachman,1,21.9
7,Cloris Leachman,2,23.1
7,Cloris Leachman,3,22.39
7,Cloris Leachman,4,21.34
7,Cloris Leachman,5,21.21
7,Cloris Leachman,6,19.91
7,Cody Linley,1,10.68
7,Cody Linley,2,10.95
7,Cody Linley,3,11.35
7,Cody Linley,4,11.59
7,Cody Linley,5,12.32
7,Cody Linley,6,12.65
7,Cody Linley,7,15.68
7,Cody Linley,8,15.25
7,Cody Linley,9,14.6
7,Jeffrey Ross,1,2.52
7,Kim Kardashian,1,1.3
7,Kim Kardashian,2,1.11
7,Lance Bass,1,13.93
7,Lance Bass,2,14.52
7,Lance Bass,3,15.31
7,Lance Bass,4,15.84
7,Lance Bass,5,17.19
7,Lance Bass,6,17.52
7,Lance Bass,7,21.66
7,Lance Bass,8,22.29
7,Lance Bass,9,23.46
7,Lance Bass,10,27.43
7,Maurice Greene,1,6.73
7,Maurice Greene,2,6.66
7,Maurice Greene,3,6.5
7,Maurice Greene,4,6.24
7,Maurice Greene,5,5.98
7,Maurice Greene,6,5.52
7,Maurice Greene,7,6.07
7,Maurice Greene,8,5.43
7,Misty May-Treanor,1,0.25
7,Misty May-Treanor,2,0.19
7,Rocco DiSpirito,1,7.19
7,Rocco DiSpirito,2,7.04
7,Rocco DiSpirito,3,6.06
7,Rocco DiSpirito,4,5.08
7,Susan Lucci,1,3.0
7,Susan Lucci,2,2.77
7,Susan Lucci,3,2.55
7,Susan Lucci,4,2.31
7,Susan Lucci,5,2.16
7,Susan Lucci,6,1.8
7,Susan Lucci,7,1.78
7,Ted McGinley,1,0.29
7,Toni Braxton,1,1.61
7,Toni Braxton,2,1.47
7,Toni Braxton,3,1.34
7,Toni Braxton,4,1.21
7,Toni Braxton,5,1.07
7,Warren Sapp,1,19.6
7,Warren Sapp,2,20.89
7,Warren Sapp,3,22.67
7,Warren Sapp,4,24.21
7,Warren Sapp,5,26.94
7,Warren Sapp,6,28.94
7,Warren Sapp,7,37.6
7,Warren Sapp,8,38.8
7,Warren Sapp,9,41.78
7,Warren Sapp,10,48.97
8,Belinda Carlisle,1,0.47
8,Belinda Carlisle,2,0.34
8,Chuck Wicks,1,1.93
8,Chuck Wicks,2,1.71
8,Chuck Wicks,3,1.53
8,Chuck Wicks,4,1.43
8,Chuck Wicks,5,2.01
8,Chuck Wicks,6,1.83
8,Chuck Wicks,7,2.22
8,Chuck Wicks,8,2.1
8,David Alan Grier,1,1.14
8,David Alan Grier,2,0.97
8,David Alan Grier,3,0.75
8,David Alan Grier,4,0.61
8,David Alan Grier,5,0.74
8,Denise Richards,1,0.7
8,Denise Richards,2,0.56
8,Denise Richards,3,0.45
8,Gilles Marini,1,5.64
8,Gilles Marini,2,5.37
8,Gilles Marini,3,5.21
8,Gilles Marini,4,5.29
8,Gilles Marini,5,8.11
8,Gilles Marini,6,8.37
8,Gilles Marini,7,11.76
8,Gilles Marini,8,13.02
8,Gilles Marini,9,13.12
8,Gilles Marini,10,13.43
8,Gilles Marini,11,17.72
8,Holly Madison,1,3.16
8,Holly Madison,2,2.87
8,Holly Madison,3,2.59
8,Holly Madison,4,2.39
8,Lawrence Taylor,1,7.5
8,Lawrence Taylor,2,7.14
8,Lawrence Taylor,3,6.87
8,Lawrence Taylor,4,6.93
8,Lawrence Taylor,5,10.4
8,Lawrence Taylor,6,9.91
8,Lawrence Taylor,7,12.73
8,Lil' Kim,1,1.69
8,Lil' Kim,2,1.49
8,Lil' Kim,3,1.34
8,Lil' Kim,4,1.26
8,Lil' Kim,5,1.78
8,Lil' Kim,6,1.69
8,Lil' Kim,7,2.18
8,Lil' Kim,8,2.16
8,Lil' Kim,9,1.9
8,Melissa Rycroft,1,12.6
8,Melissa Rycroft,2,12.63
8,Melissa Rycroft,3,12.87
8,Melissa Rycroft,4,13.74
8,Melissa Rycroft,5,22.17
8,Melissa Rycroft,6,24.04
8,Melissa Rycroft,7,35.5
8,Melissa Rycroft,8,41.42
8,Melissa Rycroft,9,41.69
8,Melissa Rycroft,10,42.89
8,Melissa Rycroft,11,56.57
8,Shawn Johnson,1,7.23
8,Shawn Johnson,2,7.0
8,Shawn Johnson,3,6.89
8,Shawn Johnson,4,7.1
8,Shawn Johnson,5,11.06
8,Shawn Johnson,6,11.58
8,Shawn Johnson,7,16.51
8,Shawn Johnson,8,18.58
8,Shawn Johnson,9,18.86
8,Shawn Johnson,10,19.5
8,Shawn Johnson,11,25.72
8,Steve Wozniak,1,32.76
8,Steve Wozniak,2,33.43
8,Steve Wozniak,3,34.51
8,Steve Wozniak,4,32.56
8,Steve-O,1,22.07
8,Steve-O,2,22.83
8,Steve-O,3,22.65
8,Steve-O,4,23.29
8,Steve-O,5,33.54
8,Steve-O,6,30.08
8,Ty Murray,1,3.11
8,Ty Murray,2,3.65
8,Ty Murray,3,4.35
8,Ty Murray,4,5.41
8,Ty Murray,5,10.19
8,Ty Murray,6,12.49
8,Ty Murray,7,19.1
8,Ty Murray,8,22.72
8,Ty Murray,9,24.43
8,Ty Murray,10,24.18
9,Aaron Carter,1,2.69
9,Aaron Carter,2,2.49
9,Aaron Carter,3,2.27
9,Aaron Carter,4,2.2
9,Aaron Carter,5,2.06
9,Aaron Carter,6,1.91
9,Aaron Carter,7,1.94
9,Aaron Carter,8,2.52
9,Ashley Hamiliton,1,0.8
9,Chuck Liddell,1,1.52
9,Chuck Liddell,2,1.34
9,Chuck Liddell,3,1.14
9,Chuck Liddell,4,0.94
9,Debi Mazar,1,0.48
9,Debi Mazar,2,0.39
9,Debi Mazar,3,0.31
9,Donny Osmond,1,18.35
9,Donny Osmond,2,19.09
9,Donny Osmond,3,19.67
9,Donny Osmond,4,21.47
9,Donny Osmond,5,23.23
9,Donny Osmond,6,25.05
9,Donny Osmond,7,29.7
9,Donny Osmond,8,47.11
9,Donny Osmond,9,50.22
9,Donny Osmond,10,50.97
9,Joanna Krupa,1,1.95
9,Joanna Krupa,2,1.78
9,Joanna Krupa,3,1.57
9,Joanna Krupa,4,1.49
9,Joanna Krupa,5,1.38
9,Joanna Krupa,6,1.29
9,Joanna Krupa,7,1.29
9,Joanna Krupa,8,1.74
9,Joanna Krupa,9,1.46
9,Kathy Ireland,1,0.99
9,Kathy Ireland,2,0.78
9,Kelly Osbourne,1,12.63
9,Kelly Osbourne,2,12.84
9,Kelly Osbourne,3,12.86
9,Kelly Osbourne,4,13.66
9,Kelly Osbourne,5,14.38
9,Kelly Osbourne,6,15.08
9,Kelly Osbourne,7,17.08
9,Kelly Osbourne,8,25.71
9,Kelly Osbourne,9,26.06
9,Kelly Osbourne,10,26.43
9,Louie Vito,1,4.35
9,Louie Vito,2,4.13
9,Louie Vito,3,3.85
9,Louie Vito,4,3.79
9,Louie Vito,5,3.28
9,Louie Vito,6,2.75
9,Macy Gray,1,0.8
9,Mark Dacascos,1,3.38
9,Mark Dacascos,2,3.16
9,Mark Dacascos,3,2.92
9,Mark Dacascos,4,2.84
9,Mark Dacascos,5,2.73
9,Mark Dacascos,6,2.61
9,Mark Dacascos,7,2.75
9,Melissa Joan Hart,1,1.96
9,Melissa Joan Hart,2,1.77
9,Melissa Joan Hart,3,1.55
9,Melissa Joan Hart,4,1.42
9,Melissa Joan Hart,5,1.29
9,Melissa Joan Hart,6,1.15
9,Michael Irvin,1,34.45
9,Michael Irvin,2,36.87
9,Michael Irvin,3,39.03
9,Michael Irvin,4,39.02
9,Michael Irvin,5,37.88
9,Michael Irvin,6,36.25
9,Michael Irvin,7,31.18
9,Mya,1,11.73
9,Mya,2,11.87
9,Mya,3,11.89
9,Mya,4,12.62
9,Mya,5,13.28
9,Mya,6,13.93
9,Mya,7,16.05
9,Mya,8,22.92
9,Mya,9,22.26
9,Mya,10,22.6
9,Natalie Coughlin,1,0.86
9,Natalie Coughlin,2,0.74
9,Natalie Coughlin,3,0.62
9,Natalie Coughlin,4,0.56
9,Natalie Coughlin,5,0.5
9,Tom DeLay,1,3.06
9,Tom DeLay,2,2.75
9,Tom DeLay,3,2.32
10,Aiden Turner,1,2.45
10,Aiden Turner,2,2.22
10,Aiden Turner,3,2.03
10,Aiden Turner,4,2.03
10,Buzz Aldrin,1,12.49
10,Buzz Aldrin,2,12.54
10,Buzz Aldrin,3,11.29
10,Chad Ochocinco,1,13.93
10,Chad Ochocinco,2,14.15
10,Chad Ochocinco,3,14.33
10,Chad Ochocinco,4,16.33
10,Chad Ochocinco,5,16.77
10,Chad Ochocinco,6,18.7
10,Chad Ochocinco,7,19.02
10,Chad Ochocinco,8,19.1
10,Chad Ochocinco,9,20.23
10,Erin Andrews,1,16.31
10,Erin Andrews,2,16.65
10,Erin Andrews,3,17.48
10,Erin Andrews,4,20.45
10,Erin Andrews,5,21.76
10,Erin Andrews,6,25.43
10,Erin Andrews,7,27.44
10,Erin Andrews,8,28.94
10,Erin Andrews,9,34.7
10,Erin Andrews,10,43.48
10,Evan Lysacek,1,13.15
10,Evan Lysacek,2,13.26
10,Evan Lysacek,3,13.73
10,Evan Lysacek,4,15.86
10,Evan Lysacek,5,16.71
10,Evan Lysacek,6,19.39
10,Evan Lysacek,7,20.47
10,Evan Lysacek,8,21.33
10,Evan Lysacek,9,25.16
10,Evan Lysacek,10,31.56
10,Jake Pavelka,1,4.12
10,Jake Pavelka,2,3.86
10,Jake Pavelka,3,3.7
10,Jake Pavelka,4,3.93
10,Jake Pavelka,5,3.71
10,Jake Pavelka,6,3.84
10,Kate Gosselin,1,12.31
10,Kate Gosselin,2,12.37
10,Kate Gosselin,3,12.23
10,Kate Gosselin,4,12.85
10,Kate Gosselin,5,11.74
10,Nicole Scherzinger,1,10.96
10,Nicole Scherzinger,2,10.92
10,Nicole Scherzinger,3,11.18
10,Nicole Scherzinger,4,12.77
10,Nicole Scherzinger,5,13.29
10,Nicole Scherzinger,6,15.24
10,Nicole Scherzinger,7,16.13
10,Nicole Scherzinger,8,16.78
10,Nicole Scherzinger,9,19.9
10,Nicole Scherzinger,10,24.96
10,Niecy Nash,1,11.46
10,Niecy Nash,2,11.45
10,Niecy Nash,3,11.74
10,Niecy Nash,4,13.41
10,Niecy Nash,5,13.78
10,Niecy Nash,6,15.13
10,Niecy Nash,7,14.89
10,Niecy Nash,8,13.85
10,Pamela Anderson,1,2.69
10,Pamela Anderson,2,2.46
10,Pamela Anderson,3,2.29
10,Pamela Anderson,4,2.38
10,Pamela Anderson,5,2.23
10,Pamela Anderson,6,2.25
10,Pamela Anderson,7,2.05
10,Shannen Doherty,1,0.14
10,Shannen Doherty,2,0.11
11,Audrina Patridge,1,0.76
11,Audrina Patridge,2,0.62
11,Audrina Patridge,3,0.51
11,Audrina Patridge,4,0.41
11,Audrina Patridge,5,0.33
11,Audrina Patridge,6,0.23
11,Brandy,1,5.26
11,Brandy,2,4.94
11,Brandy,3,4.7
11,Brandy,4,4.39
11,Brandy,5,4.13
11,Brandy,6,3.87
11,Brandy,7,3.7
11,Brandy,8,3.51
11,Brandy,9,3.47
11,Bristol Palin,1,35.97
11,Bristol Palin,2,38.11
11,Bristol Palin,3,40.89
11,Bristol Palin,4,43.16
11,Bristol Palin,5,45.62
11,Bristol Palin,6,47.26
11,Bristol Palin,7,49.62
11,Bristol Palin,8,52.52
11,Bristol Palin,9,58.53
11,Bristol Palin,10,60.63
11,David Hasselhoff,1,0.42
11,Florence Henderson,1,1.83
11,Florence Henderson,2,1.6
11,Florence Henderson,3,1.39
11,Florence Henderson,4,1.13
11,Florence Henderson,5,0.87
11,Jennifer Grey,1,13.26
11,Jennifer Grey,2,13.21
11,Jennifer Grey,3,13.32
11,Jennifer Grey,4,13.26
11,Jennifer Grey,5,13.27
11,Jennifer Grey,6,13.24
11,Jennifer Grey,7,13.26
11,Jennifer Grey,8,13.5
11,Jennifer Grey,9,14.91
11,Jennifer Grey,10,15.45
11,Kurt Warner,1,13.59
11,Kurt Warner,2,13.54
11,Kurt Warner,3,13.67
11,Kurt Warner,4,13.59
11,Kurt Warner,5,13.49
11,Kurt Warner,6,13.33
11,Kurt Warner,7,11.29
11,Kurt Warner,8,9.59
11,Kyle Massey,1,18.53
11,Kyle Massey,2,18.85
11,Kyle Massey,3,19.42
11,Kyle Massey,4,19.72
11,Kyle Massey,5,20.13
11,Kyle Massey,6,20.18
11,Kyle Massey,7,20.53
11,Kyle Massey,8,20.88
11,Kyle Massey,9,23.09
11,Kyle Massey,10,23.92
11,Margaret Cho,1,1.66
11,Margaret Cho,2,1.37
11,Margaret Cho,3,1.14
11,Michael Bolton,1,2.56
11,Michael Bolton,2,2.25
11,Rick Fox,1,3.18
11,Rick Fox,2,2.89
11,Rick Fox,3,2.66
11,Rick Fox,4,2.41
11,Rick Fox,5,2.16
11,Rick Fox,6,1.89
11,Rick Fox,7,1.6
11,The Situation,1,2.97
11,The Situation,2,2.61
11,The Situation,3,2.31
11,The Situation,4,1.93
12,Chelsea Kane,1,12.38
12,Chelsea Kane,2,12.26
12,Chelsea Kane,3,12.26
12,Chelsea Kane,4,12.52
12,Chelsea Kane,5,12.56
12,Chelsea Kane,6,12.61
12,Chelsea Kane,7,12.99
12,Chelsea Kane,8,13.09
12,Chelsea Kane,9,13.61
12,Chelsea Kane,10,21.52
12,Chris Jericho,1,4.61
12,Chris Jericho,2,4.3
12,Chris Jericho,3,4.05
12,Chris Jericho,4,3.9
12,Chris Jericho,5,3.64
12,Chris Jericho,6,3.39
12,Hines Ward,1,12.37
12,Hines Ward,2,12.29
12,Hines Ward,3,12.3
12,Hines Ward,4,12.68
12,Hines Ward,5,12.74
12,Hines Ward,6,12.92
12,Hines Ward,7,13.31
12,Hines Ward,8,13.67
12,Hines Ward,9,14.28
12,Hines Ward,10,22.68
12,Kendra Wilkinson,1,6.89
12,Kendra Wilkinson,2,6.56
12,Kendra Wilkinson,3,6.35
12,Kendra Wilkinson,4,6.23
12,Kendra Wilkinson,5,5.3
12,Kendra Wilkinson,6,4.22
12,Kendra Wilkinson,7,3.41
12,Kirstie Alley,1,23.82
12,Kirstie Alley,2,24.58
12,Kirstie Alley,3,25.71
12,Kirstie Alley,4,27.47
12,Kirstie Alley,5,28.75
12,Kirstie Alley,6,29.95
12,Kirstie Alley,7,31.99
12,Kirstie Alley,8,33.0
12,Kirstie Alley,9,35.3
12,Kirstie Alley,10,55.79
12,Mike Catherwood,1,0.64
12,Mike Catherwood,2,0.52
12,Petra Nemcova,1,2.65
12,Petra Nemcova,2,2.38
12,Petra Nemcova,3,2.12
12,Petra Nemcova,4,1.93
12,Petra Nemcova,5,1.69
12,Ralph Macchio,1,25.18
12,Ralph Macchio,2,26.48
12,Ralph Macchio,3,27.39
12,Ralph Macchio,4,29.86
12,Ralph Macchio,5,31.01
12,Ralph Macchio,6,32.87
12,Ralph Macchio,7,34.42
12,Ralph Macchio,8,37.0
12,Ralph Macchio,9,36.81
12,Romeo,1,5.29
12,Romeo,2,4.97
12,Romeo,3,4.73
12,Romeo,4,4.58
12,Romeo,5,4.31
12,Romeo,6,4.04
12,Romeo,7,3.88
12,Romeo,8,3.24
12,Sugar Ray Leonard,1,1.45
12,Sugar Ray Leonard,2,1.25
12,Sugar Ray Leonard,3,1.02
12,Sugar Ray Leonard,4,0.83
12,Wendy Williams,1,4.72
12,Wendy Williams,2,4.41
12,Wendy Williams,3,4.06
13,Carson Kressley,1,8.39
13,Carson Kressley,2,8.23
13,Carson Kressley,3,7.86
13,Carson Kressley,4,7.54
13,Carson Kressley,5,6.97
13,Chaz Bono,1,15.01
13,Chaz Bono,2,15.28
13,Chaz Bono,3,15.16
13,Chaz Bono,4,13.67
13,Chaz Bono,5,12.31
13,Chaz Bono,6,11.31
13,Chynna Phillips,1,1.67
13,Chynna Phillips,2,1.48
13,Chynna Phillips,3,1.29
13,Chynna Phillips,4,1.13
13,David Arquette,1,5.35
13,David Arquette,2,5.1
13,David Arquette,3,4.65
13,David Arquette,4,4.26
13,David Arquette,5,3.91
13,David Arquette,6,3.75
13,David Arquette,7,3.59
13,Elisabetta Canalis,1,0.35
13,Elisabetta Canalis,2,0.25
13,Hope Solo,1,15.95
13,Hope Solo,2,16.32
13,Hope Solo,3,16.74
13,Hope Solo,4,17.46
13,Hope Solo,5,18.49
13,Hope Solo,6,20.62
13,Hope Solo,7,22.84
13,Hope Solo,8,23.38
13,Hope Solo,9,28.4
13,J.R. Martinez,1,12.6
13,J.R. Martinez,2,12.65
13,J.R. Martinez,3,12.97
13,J.R. Martinez,4,13.45
13,J.R. Martinez,5,14.29
13,J.R. Martinez,6,15.93
13,J.R. Martinez,7,18.81
13,J.R. Martinez,8,20.03
13,J.R. Martinez,9,25.91
13,J.R. Martinez,10,35.99
13,Kristin Cavallari,1,0.5
13,Kristin Cavallari,2,0.41
13,Kristin Cavallari,3,0.32
13,Metta World Peace (Ron),1,0.52
13,Nancy Grace,1,15.57
13,Nancy Grace,2,15.96
13,Nancy Grace,3,16.39
13,Nancy Grace,4,16.86
13,Nancy Grace,5,17.21
13,Nancy Grace,6,18.52
13,Nancy Grace,7,20.59
13,Nancy Grace,8,20.02
13,Ricki Lake,1,9.71
13,Ricki Lake,2,9.56
13,Ricki Lake,3,9.68
13,Ricki Lake,4,9.85
13,Ricki Lake,5,10.35
13,Ricki Lake,6,11.26
13,Ricki Lake,7,13.05
13,Ricki Lake,8,13.84
13,Ricki Lake,9,17.49
13,Ricki Lake,10,24.21
13,Rob Kardashian,1,14.37
13,Rob Kardashian,2,14.74
13,Rob Kardashian,3,14.94
13,Rob Kardashian,4,15.77
13,Rob Kardashian,5,16.47
13,Rob Kardashian,6,18.61
13,Rob Kardashian,7,21.12
13,Rob Kardashian,8,22.74
13,Rob Kardashian,9,28.2
13,Rob Kardashian,10,39.79
14,Donald Driver,1,20.47
14,Donald Driver,2,21.12
14,Donald Driver,3,22.22
14,Donald Driver,4,22.97
14,Donald Driver,5,23.92
14,Donald Driver,6,25.66
14,Donald Driver,7,28.64
14,Donald Driver,8,29.49
14,Donald Driver,9,32.23
14,Donald Driver,10,33.67
14,Gavin DeGraw,1,5.12
14,Gavin DeGraw,2,4.84
14,Gavin DeGraw,3,4.66
14,Gavin DeGraw,4,4.33
14,Gavin DeGraw,5,4.01
14,Gladys Knight,1,10.53
14,Gladys Knight,2,10.42
14,Gladys Knight,3,10.44
14,Gladys Knight,4,10.18
14,Gladys Knight,5,9.49
14,Gladys Knight,6,9.06
14,Jack Wagner,1,0.61
14,Jack Wagner,2,0.5
14,Jack Wagner,3,0.42
14,Jaleel White,1,1.67
14,Jaleel White,2,1.47
14,Jaleel White,3,1.32
14,Jaleel White,4,1.14
14,Jaleel White,5,0.93
14,Jaleel White,6,0.77
14,Jaleel White,7,0.67
14,Katherine Jenkins,1,23.68
14,Katherine Jenkins,2,24.61
14,Katherine Jenkins,3,26.18
14,Katherine Jenkins,4,27.27
14,Katherine Jenkins,5,28.74
14,Katherine Jenkins,6,31.01
14,Katherine Jenkins,7,35.07
14,Katherine Jenkins,8,36.37
14,Katherine Jenkins,9,40.46
14,Katherine Jenkins,10,42.09
14,Maria Menounos,1,5.92
14,Maria Menounos,2,5.58
14,Maria Menounos,3,5.5
14,Maria Menounos,4,5.19
14,Maria Menounos,5,5.06
14,Maria Menounos,6,4.95
14,Maria Menounos,7,5.18
14,Maria Menounos,8,4.87
14,Maria Menounos,9,4.11
14,Martina Navratilova,1,2.72
14,Martina Navratilova,2,2.48
14,Melissa Gilbert,1,8.85
14,Melissa Gilbert,2,8.67
14,Melissa Gilbert,3,8.62
14,Melissa Gilbert,4,8.35
14,Melissa Gilbert,5,8.04
14,Melissa Gilbert,6,7.87
14,Melissa Gilbert,7,7.99
14,Melissa Gilbert,8,6.82
14,Roshon Fegan,1,2.3
14,Roshon Fegan,2,2.07
14,Roshon Fegan,3,1.9
14,Roshon Fegan,4,1.68
14,Roshon Fegan,5,1.5
14,Roshon Fegan,6,1.37
14,Roshon Fegan,7,1.28
14,Roshon Fegan,8,1.04
14,Sherri Sheperd,1,1.54
14,Sherri Sheperd,2,1.35
14,Sherri Sheperd,3,1.21
14,Sherri Sheperd,4,1.0
14,William Levy,1,16.58
14,William Levy,2,16.88
14,William Levy,3,17.53
14,William Levy,4,17.9
14,William Levy,5,18.31
14,William Levy,6,19.3
14,William Levy,7,21.17
14,William Levy,8,21.4
14,William Levy,9,23.21
14,William Levy,10,24.24
15,Apolo Anton Ohno,1,7.29
15,Apolo Anton Ohno,2,7.04
15,Apolo Anton Ohno,3,6.79
15,Apolo Anton Ohno,4,6.51
15,Apolo Anton Ohno,5,6.21
15,Apolo Anton Ohno,6,5.76
15,Apolo Anton Ohno,7,5.36
15,Apolo Anton Ohno,8,4.93
15,Apolo Anton Ohno,9,4.51
15,Bristol Palin,1,3.76
15,Bristol Palin,2,3.46
15,Bristol Palin,3,2.95
15,Bristol Palin,4,2.22
15,Drew Lachey,1,0.77
15,Drew Lachey,2,0.64
15,Drew Lachey,3,0.5
15,Emmitt Smith,1,9.91
15,Emmitt Smith,2,9.85
15,Emmitt Smith,3,9.63
15,Emmitt Smith,4,9.49
15,Emmitt Smith,5,9.3
15,Emmitt Smith,6,9.02
15,Emmitt Smith,7,8.32
15,Emmitt Smith,8,7.72
15,Emmitt Smith,9,7.22
15,Gilles Marini,1,3.56
15,Gilles Marini,2,3.27
15,Gilles Marini,3,3.03
15,Gilles Marini,4,2.7
15,Gilles Marini,5,2.46
15,Gilles Marini,6,2.16
15,Gilles Marini,7,1.76
15,Gilles Marini,8,1.42
15,Helio Castroneves,1,0.53
15,Helio Castroneves,2,0.42
15,Helio Castroneves,3,0.32
15,Joey Fatone,1,0.25
15,Joey Fatone,2,0.18
15,Kelly Monaco,1,25.37
15,Kelly Monaco,2,26.5
15,Kelly Monaco,3,27.68
15,Kelly Monaco,4,29.24
15,Kelly Monaco,5,31.43
15,Kelly Monaco,6,32.82
15,Kelly Monaco,7,34.53
15,Kelly Monaco,8,35.94
15,Kelly Monaco,9,39.98
15,Kelly Monaco,10,45.29
15,Kirstie Alley,1,10.4
15,Kirstie Alley,2,10.23
15,Kirstie Alley,3,10.01
15,Kirstie Alley,4,9.66
15,Kirstie Alley,5,8.65
15,Kirstie Alley,6,7.53
15,Kirstie Alley,7,6.43
15,Kirstie Alley,8,5.42
15,Melissa Rycroft,1,17.35
15,Melissa Rycroft,2,17.72
15,Melissa Rycroft,3,18.05
15,Melissa Rycroft,4,18.63
15,Melissa Rycroft,5,19.47
15,Melissa Rycroft,6,19.84
15,Melissa Rycroft,7,20.44
15,Melissa Rycroft,8,20.88
15,Melissa Rycroft,9,22.87
15,Melissa Rycroft,10,25.92
15,Pamela Anderson,1,0.44
15,Sabrina Bryan,1,1.44
15,Sabrina Bryan,2,1.26
15,Sabrina Bryan,3,1.09
15,Sabrina Bryan,4,0.87
15,Sabrina Bryan,5,0.64
15,Sabrina Bryan,6,0.46
15,Shawn Johnson,1,18.94
15,Shawn Johnson,2,19.42
15,Shawn Johnson,3,19.95
15,Shawn Johnson,4,20.68
15,Shawn Johnson,5,21.83
15,Shawn Johnson,6,22.39
15,Shawn Johnson,7,23.16
15,Shawn Johnson,8,23.7
15,Shawn Johnson,9,25.41
15,Shawn Johnson,10,28.78
16,Alexandra Raisman,1,0.15
16,Alexandra Raisman,2,0.18
16,Alexandra Raisman,3,0.23
16,Alexandra Raisman,4,0.29
16,Alexandra Raisman,5,0.37
16,Alexandra Raisman,6,0.48
16,Alexandra Raisman,7,0.58
16,Alexandra Raisman,8,1.13
16,Alexandra Raisman,9,1.45
16,Alexandra Raisman,10,1.65
16,Andy Dick,1,23.83
16,Andy Dick,2,25.73
16,Andy Dick,3,28.34
16,Andy Dick,4,31.84
16,Andy Dick,5,35.01
16,Andy Dick,6,39.67
16,Andy Dick,7,42.64
16,D. L. Hughley,1,18.53
16,D. L. Hughley,2,16.37
16,D. L. Hughley,3,14.59
16,D. L. Hughley,4,12.82
16,D. L. Hughley,5,11.02
16,Dorothy Hamill,1,2.38
16,Dorothy Hamill,2,2.25
16,Ingo Rademacher,1,6.05
16,Ingo Rademacher,2,6.07
16,Ingo Rademacher,3,6.2
16,Ingo Rademacher,4,6.47
16,Ingo Rademacher,5,6.61
16,Ingo Rademacher,6,7.09
16,Ingo Rademacher,7,7.13
16,Ingo Rademacher,8,11.5
16,Ingo Rademacher,9,12.07
16,Jacoby Jones,1,9.83
16,Jacoby Jones,2,10.22
16,Jacoby Jones,3,10.82
16,Jacoby Jones,4,11.77
16,Jacoby Jones,5,12.52
16,Jacoby Jones,6,14.6
16,Jacoby Jones,7,16.04
16,Jacoby Jones,8,28.46
16,Jacoby Jones,9,33.75
16,Jacoby Jones,10,38.41
16,Kellie Pickler,1,7.31
16,Kellie Pickler,2,7.47
16,Kellie Pickler,3,7.8
16,Kellie Pickler,4,8.33
16,Kellie Pickler,5,8.75
16,Kellie Pickler,6,10.03
16,Kellie Pickler,7,11.07
16,Kellie Pickler,8,19.68
16,Kellie Pickler,9,23.48
16,Kellie Pickler,10,26.69
16,Lisa Vanderpump,1,3.71
16,Lisa Vanderpump,2,3.43
16,Lisa Vanderpump,3,3.18
16,Lisa Vanderpump,4,3.01
16,Sean Lowe,1,7.3
16,Sean Lowe,2,7.35
16,Sean Lowe,3,7.55
16,Sean Lowe,4,7.92
16,Sean Lowe,5,7.99
16,Sean Lowe,6,8.77
16,Sean Lowe,7,9.08
16,Sean Lowe,8,15.01
16,Victor Ortiz,1,7.55
16,Victor Ortiz,2,7.5
16,Victor Ortiz,3,7.54
16,Victor Ortiz,4,7.77
16,Victor Ortiz,5,7.32
16,Victor Ortiz,6,7.27
16,Wynonna Judd,1,5.1
16,Wynonna Judd,2,4.88
16,Wynonna Judd,3,4.7
16,Zendaya,1,8.27
16,Zendaya,2,8.56
16,Zendaya,3,9.04
16,Zendaya,4,9.79
16,Zendaya,5,10.4
16,Zendaya,6,12.08
16,Zendaya,7,13.47
16,Zendaya,8,24.21
16,Zendaya,9,29.25
16,Zendaya,10,33.25
17,Amber Riley,1,20.82
17,Amber Riley,2,21.92
17,Amber Riley,3,23.25
17,Amber Riley,4,24.84
17,Amber Riley,5,25.72
17,Amber Riley,6,25.93
17,Amber Riley,7,25.84
17,Amber Riley,8,26.02
17,Amber Riley,9,26.26
17,Amber Riley,10,26.57
17,Amber Riley,11,27.5
17,Bill Engvall,1,2.24
17,Bill Engvall,2,3.19
17,Bill Engvall,3,4.39
17,Bill Engvall,4,6.0
17,Bill Engvall,5,7.64
17,Bill Engvall,6,9.12
17,Bill Engvall,7,10.75
17,Bill Engvall,8,12.36
17,Bill Engvall,9,13.6
17,Bill Engvall,10,13.52
17,Bill Engvall,11,12.68
17,Bill Nye,1,8.42
17,Bill Nye,2,6.53
17,Bill Nye,3,4.78
17,Brant Daugherty,1,5.01
17,Brant Daugherty,2,4.57
17,Brant Daugherty,3,4.12
17,Brant Daugherty,4,3.75
17,Brant Daugherty,5,3.1
17,Brant Daugherty,6,2.42
17,Brant Daugherty,7,1.86
17,Brant Daugherty,8,1.36
17,Christina Milian,1,1.73
17,Christina Milian,2,1.37
17,Christina Milian,3,1.05
17,Christina Milian,4,0.79
17,Christina Milian,5,0.53
17,Corbin Bleu,1,19.09
17,Corbin Bleu,2,19.88
17,Corbin Bleu,3,20.88
17,Corbin Bleu,4,22.12
17,Corbin Bleu,5,22.7
17,Corbin Bleu,6,22.77
17,Corbin Bleu,7,22.58
17,Corbin Bleu,8,22.61
17,Corbin Bleu,9,22.77
17,Corbin Bleu,10,23.43
17,Corbin Bleu,11,24.57
17,Elizabeth Berkley Lauren,1,5.52
17,Elizabeth Berkley Lauren,2,5.21
17,Elizabeth Berkley Lauren,3,4.93
17,Elizabeth Berkley Lauren,4,4.65
17,Elizabeth Berkley Lauren,5,4.22
17,Elizabeth Berkley Lauren,6,3.59
17,Elizabeth Berkley Lauren,7,3.02
17,Elizabeth Berkley Lauren,8,2.41
17,Elizabeth Berkley Lauren,9,1.71
17,Jack Osbourne,1,24.73
17,Jack Osbourne,2,26.17
17,Jack Osbourne,3,27.88
17,Jack Osbourne,4,29.88
17,Jack Osbourne,5,30.95
17,Jack Osbourne,6,31.35
17,Jack Osbourne,7,31.36
17,Jack Osbourne,8,31.71
17,Jack Osbourne,9,32.28
17,Jack Osbourne,10,33.45
17,Jack Osbourne,11,35.24
17,Keyshawn Johnson,1,2.56
17,Keyshawn Johnson,2,1.79
17,Leah Remini,1,0.98
17,Leah Remini,2,1.38
17,Leah Remini,3,1.89
17,Leah Remini,4,2.51
17,Leah Remini,5,3.12
17,Leah Remini,6,3.33
17,Leah Remini,7,3.51
17,Leah Remini,8,3.52
17,Leah Remini,9,3.38
17,Leah Remini,10,3.03
17,"Nicole ""Snooki"" Polizzi",1,3.84
17,"Nicole ""Snooki"" Polizzi",2,3.46
17,"Nicole ""Snooki"" Polizzi",3,2.96
17,"Nicole ""Snooki"" Polizzi",4,2.54
17,"Nicole ""Snooki"" Polizzi",5,2.01
17,"Nicole ""Snooki"" Polizzi",6,1.48
17,"Nicole ""Snooki"" Polizzi",7,1.07
17,Valerie Harper,1,5.06
17,Valerie Harper,2,4.53
17,Valerie Harper,3,3.87
17,Valerie Harper,4,2.92
18,Amy Purdy,1,11.76
18,Amy Purdy,2,12.21
18,Amy Purdy,3,14.98
18,Amy Purdy,4,14.96
18,Amy Purdy,5,14.88
18,Amy Purdy,6,14.98
18,Amy Purdy,7,15.71
18,Amy Purdy,8,16.1
18,Amy Purdy,9,16.32
18,Amy Purdy,10,16.82
18,Billy Dee Williams,1,18.84
18,Billy Dee Williams,2,16.64
18,Candace Cameron Bure,1,27.19
18,Candace Cameron Bure,2,29.87
18,Candace Cameron Bure,3,38.4
18,Candace Cameron Bure,4,40.26
18,Candace Cameron Bure,5,41.95
18,Candace Cameron Bure,6,44.32
18,Candace Cameron Bure,7,47.57
18,Candace Cameron Bure,8,50.12
18,Candace Cameron Bure,9,51.48
18,Candace Cameron Bure,10,53.06
18,Charlie White,1,4.43
18,Charlie White,2,4.34
18,Charlie White,3,4.99
18,Charlie White,4,4.68
18,Charlie White,5,4.37
18,Charlie White,6,4.1
18,Charlie White,7,3.9
18,Charlie White,8,3.46
18,Charlie White,9,2.96
18,Cody Simpson,1,2.03
18,Cody Simpson,2,1.78
18,Cody Simpson,3,1.65
18,Cody Simpson,4,1.24
18,Cody Simpson,5,0.93
18,Danica McKellar,1,3.04
18,Danica McKellar,2,2.86
18,Danica McKellar,3,3.11
18,Danica McKellar,4,2.76
18,Danica McKellar,5,2.43
18,Danica McKellar,6,2.17
18,Danica McKellar,7,1.91
18,Danica McKellar,8,1.54
18,Diana Nyad,1,0.85
18,Drew Carey,1,7.89
18,Drew Carey,2,7.77
18,Drew Carey,3,8.62
18,Drew Carey,4,7.79
18,Drew Carey,5,6.99
18,Drew Carey,6,5.25
18,James Maslow,1,1.0
18,James Maslow,2,1.36
18,James Maslow,3,2.11
18,James Maslow,4,2.67
18,James Maslow,5,3.36
18,James Maslow,6,4.29
18,James Maslow,7,5.46
18,James Maslow,8,6.49
18,James Maslow,9,6.92
18,James Maslow,10,7.13
18,Meryl Davis,1,14.39
18,Meryl Davis,2,15.15
18,Meryl Davis,3,18.91
18,Meryl Davis,4,19.23
18,Meryl Davis,5,19.45
18,Meryl Davis,6,19.91
18,Meryl Davis,7,21.27
18,Meryl Davis,8,22.3
18,Meryl Davis,9,22.32
18,Meryl Davis,10,22.99
18,NeNe Leakes,1,6.87
18,NeNe Leakes,2,6.67
18,NeNe Leakes,3,7.25
18,NeNe Leakes,4,6.41
18,NeNe Leakes,5,5.64
18,NeNe Leakes,6,4.98
18,NeNe Leakes,7,4.18
18,Sean Avery,1,1.71
18,Sean Avery,2,1.35
19,Alfonso Ribeiro,1,16.71
19,Alfonso Ribeiro,2,17.75
19,Alfonso Ribeiro,3,18.69
19,Alfonso Ribeiro,4,19.72
19,Alfonso Ribeiro,5,20.67
19,Alfonso Ribeiro,6,21.24
19,Alfonso Ribeiro,7,22.04
19,Alfonso Ribeiro,8,23.29
19,Alfonso Ribeiro,9,25.35
19,Alfonso Ribeiro,10,26.47
19,Alfonso Ribeiro,11,28.46
19,Antonio Sabato Jr.,1,8.05
19,Antonio Sabato Jr.,2,7.3
19,Antonio Sabato Jr.,3,6.49
19,Antonio Sabato Jr.,4,5.66
19,Antonio Sabato Jr.,5,4.66
19,Antonio Sabato Jr.,6,3.77
19,Antonio Sabato Jr.,7,2.78
19,Bethany Mota,1,0.58
19,Bethany Mota,2,0.84
19,Bethany Mota,3,1.13
19,Bethany Mota,4,1.5
19,Bethany Mota,5,1.84
19,Bethany Mota,6,2.22
19,Bethany Mota,7,2.58
19,Bethany Mota,8,2.96
19,Bethany Mota,9,3.42
19,Bethany Mota,10,3.53
19,Bethany Mota,11,3.52
19,Betsey Johnson,1,4.77
19,Betsey Johnson,2,3.4
19,Betsey Johnson,3,2.31
19,Betsey Johnson,4,1.48
19,Janel Parrish,1,19.97
19,Janel Parrish,2,20.92
19,Janel Parrish,3,22.18
19,Janel Parrish,4,23.11
19,Janel Parrish,5,24.47
19,Janel Parrish,6,24.8
19,Janel Parrish,7,25.85
19,Janel Parrish,8,26.79
19,Janel Parrish,9,29.34
19,Janel Parrish,10,30.13
19,Janel Parrish,11,32.73
19,Jonathan Bennett,1,3.78
19,Jonathan Bennett,2,3.35
19,Jonathan Bennett,3,2.85
19,Jonathan Bennett,4,2.36
19,Jonathan Bennett,5,1.67
19,Jonathan Bennett,6,1.15
19,Lea Thompson,1,6.03
19,Lea Thompson,2,5.79
19,Lea Thompson,3,5.49
19,Lea Thompson,4,5.13
19,Lea Thompson,5,4.72
19,Lea Thompson,6,4.27
19,Lea Thompson,7,3.7
19,Lea Thompson,8,3.16
19,Lea Thompson,9,2.53
19,Lolo Jones,1,0.66
19,Michael Waltrip,1,14.66
19,Michael Waltrip,2,14.47
19,Michael Waltrip,3,13.85
19,Michael Waltrip,4,13.1
19,Michael Waltrip,5,11.76
19,Michael Waltrip,6,10.32
19,Michael Waltrip,7,8.88
19,Michael Waltrip,8,7.29
19,Randy Couture,1,2.39
19,Randy Couture,2,2.01
19,Randy Couture,3,1.56
19,Sadie Robertson,1,19.81
19,Sadie Robertson,2,21.24
19,Sadie Robertson,3,22.54
19,Sadie Robertson,4,24.02
19,Sadie Robertson,5,25.38
19,Sadie Robertson,6,26.32
19,Sadie Robertson,7,27.45
19,Sadie Robertson,8,29.05
19,Sadie Robertson,9,31.57
19,Sadie Robertson,10,32.89
19,Sadie Robertson,11,35.3
19,Tavis Smiley,1,1.14
19,Tavis Smiley,2,0.79
19,Tommy Chong,1,1.44
19,Tommy Chong,2,2.12
19,Tommy Chong,3,2.9
19,Tommy Chong,4,3.93
19,Tommy Chong,5,4.85
19,Tommy Chong,6,5.93
19,Tommy Chong,7,6.72
19,Tommy Chong,8,7.46
19,Tommy Chong,9,7.79
19,Tommy Chong,10,6.98
20,Charlotte McKinney,1,0.63
20,Charlotte McKinney,2,0.52
20,Charlotte McKinney,3,0.4
20,Chris Soules,1,8.7
20,Chris Soules,2,8.44
20,Chris Soules,3,8.07
20,Chris Soules,4,7.73
20,Chris Soules,5,7.24
20,Chris Soules,6,6.68
20,Chris Soules,7,6.01
20,Chris Soules,8,5.05
20,Michael Sam,1,0.92
20,Michael Sam,2,0.78
20,Michael Sam,3,0.62
20,Michael Sam,4,0.47
20,Nastia Liukin,1,8.07
20,Nastia Liukin,2,7.77
20,Nastia Liukin,3,7.51
20,Nastia Liukin,4,7.24
20,Nastia Liukin,5,6.98
20,Nastia Liukin,6,6.72
20,Nastia Liukin,7,6.4
20,Nastia Liukin,8,6.0
20,Nastia Liukin,9,5.67
20,Noah Galloway,1,27.34
20,Noah Galloway,2,28.44
20,Noah Galloway,3,29.64
20,Noah Galloway,4,30.92
20,Noah Galloway,5,32.29
20,Noah Galloway,6,33.76
20,Noah Galloway,7,35.42
20,Noah Galloway,8,37.28
20,Noah Galloway,9,41.87
20,Noah Galloway,10,44.4
20,Patti LaBelle,1,2.67
20,Patti LaBelle,2,2.4
20,Patti LaBelle,3,2.13
20,Patti LaBelle,4,1.82
20,Patti LaBelle,5,1.49
20,Patti LaBelle,6,1.11
20,Redfoo,1,0.14
20,Redfoo,2,0.11
20,Riker Lynch,1,19.28
20,Riker Lynch,2,19.64
20,Riker Lynch,3,20.03
20,Riker Lynch,4,20.47
20,Riker Lynch,5,20.92
20,Riker Lynch,6,21.5
20,Riker Lynch,7,22.18
20,Riker Lynch,8,22.84
20,Riker Lynch,9,25.81
20,Riker Lynch,10,27.37
20,Robert Herjavec,1,8.66
20,Robert Herjavec,2,8.4
20,Robert Herjavec,3,8.1
20,Robert Herjavec,4,7.83
20,Robert Herjavec,5,7.52
20,Robert Herjavec,6,7.01
20,Robert Herjavec,7,6.35
20,Robert Herjavec,8,5.38
20,Rumer Willis,1,19.7
20,Rumer Willis,2,20.06
20,Rumer Willis,3,20.51
20,Rumer Willis,4,20.96
20,Rumer Willis,5,21.48
20,Rumer Willis,6,22.1
20,Rumer Willis,7,22.8
20,Rumer Willis,8,23.45
20,Rumer Willis,9,26.65
20,Rumer Willis,10,28.24
20,Suzanne Somers,1,1.64
20,Suzanne Somers,2,1.43
20,Suzanne Somers,3,1.22
20,Suzanne Somers,4,0.99
20,Suzanne Somers,5,0.74
20,Willow Shields,1,2.26
20,Willow Shields,2,2.02
20,Willow Shields,3,1.77
20,Willow Shields,4,1.56
20,Willow Shields,5,1.34
20,Willow Shields,6,1.12
20,Willow Shields,7,0.85
21,Alek Skarlatos,1,25.54
21,Alek Skarlatos,2,27.01
21,Alek Skarlatos,3,29.17
21,Alek Skarlatos,4,30.81
21,Alek Skarlatos,5,32.58
21,Alek Skarlatos,6,33.97
21,Alek Skarlatos,7,35.52
21,Alek Skarlatos,8,36.84
21,Alek Skarlatos,9,38.08
21,Alek Skarlatos,10,40.49
21,Alek Skarlatos,11,40.61
21,Alexa PenaVega,1,6.41
21,Alexa PenaVega,2,6.11
21,Alexa PenaVega,3,5.86
21,Alexa PenaVega,4,5.41
21,Alexa PenaVega,5,4.94
21,Alexa PenaVega,6,4.36
21,Alexa PenaVega,7,3.8
21,Alexa PenaVega,8,3.09
21,Alexa PenaVega,9,2.4
21,Andy Grammer,1,4.97
21,Andy Grammer,2,4.62
21,Andy Grammer,3,4.24
21,Andy Grammer,4,3.74
21,Andy Grammer,5,3.27
21,Andy Grammer,6,2.76
21,Andy Grammer,7,2.37
21,Andy Grammer,8,1.87
21,Bindi Irwin,1,18.86
21,Bindi Irwin,2,19.49
21,Bindi Irwin,3,20.81
21,Bindi Irwin,4,21.36
21,Bindi Irwin,5,22.38
21,Bindi Irwin,6,22.68
21,Bindi Irwin,7,23.61
21,Bindi Irwin,8,24.01
21,Bindi Irwin,9,24.61
21,Bindi Irwin,10,26.19
21,Bindi Irwin,11,26.32
21,Carlos PenaVega,1,0.41
21,Carlos PenaVega,2,0.7
21,Carlos PenaVega,3,0.97
21,Carlos PenaVega,4,1.3
21,Carlos PenaVega,5,1.68
21,Carlos PenaVega,6,2.11
21,Carlos PenaVega,7,2.65
21,Carlos PenaVega,8,3.1
21,Carlos PenaVega,9,3.48
21,Carlos PenaVega,10,3.36
21,Carlos PenaVega,11,3.05
21,Chaka Khan,1,1.51
21,Chaka Khan,2,1.14
21,Gary Busey,1,4.03
21,Gary Busey,2,3.52
21,Gary Busey,3,2.73
21,Gary Busey,4,2.02
21,Hayes Grier,1,3.04
21,Hayes Grier,2,2.71
21,Hayes Grier,3,2.31
21,Hayes Grier,4,1.9
21,Hayes Grier,5,1.54
21,Hayes Grier,6,1.21
21,Hayes Grier,7,0.9
21,Kim Zolciak-Biermann,1,1.08
21,Kim Zolciak-Biermann,2,0.78
21,Nick Carter,1,20.79
21,Nick Carter,2,21.61
21,Nick Carter,3,23.2
21,Nick Carter,4,23.91
21,Nick Carter,5,25.18
21,Nick Carter,6,25.62
21,Nick Carter,7,26.81
21,Nick Carter,8,27.31
21,Nick Carter,9,28.24
21,Nick Carter,10,29.95
21,Nick Carter,11,30.02
21,Paula Deen,1,6.07
21,Paula Deen,2,5.56
21,Paula Deen,3,4.87
21,Paula Deen,4,4.12
21,Paula Deen,5,3.33
21,Paula Deen,6,2.61
21,Tamar Braxton,1,6.31
21,Tamar Braxton,2,6.04
21,Tamar Braxton,3,5.84
21,Tamar Braxton,4,5.44
21,Tamar Braxton,5,5.11
21,Tamar Braxton,6,4.66
21,Tamar Braxton,7,4.33
21,Tamar Braxton,8,3.77
21,Tamar Braxton,9,3.18
21,Victor Espinoza,1,0.98
21,Victor Espinoza,2,0.72
22,Antonio Brown,1,9.55
22,Antonio Brown,2,9.29
22,Antonio Brown,3,9.06
22,Antonio Brown,4,8.76
22,Antonio Brown,5,8.46
22,Antonio Brown,6,8.11
22,Antonio Brown,7,7.82
22,Antonio Brown,8,7.29
22,Antonio Brown,9,6.34
22,Doug Flutie,1,2.67
22,Doug Flutie,2,2.4
22,Doug Flutie,3,2.16
22,Doug Flutie,4,1.88
22,Doug Flutie,5,1.46
22,Doug Flutie,6,1.13
22,Geraldo Rivera,1,0.68
22,Geraldo Rivera,2,0.56
22,Ginger Zee,1,24.87
22,Ginger Zee,2,25.7
22,Ginger Zee,3,26.63
22,Ginger Zee,4,27.54
22,Ginger Zee,5,28.44
22,Ginger Zee,6,29.17
22,Ginger Zee,7,30.12
22,Ginger Zee,8,31.35
22,Ginger Zee,9,32.78
22,Ginger Zee,10,36.79
22,Jodie Sweetin,1,3.61
22,Jodie Sweetin,2,3.3
22,Jodie Sweetin,3,3.03
22,Jodie Sweetin,4,2.75
22,Jodie Sweetin,5,2.4
22,Jodie Sweetin,6,2.07
22,Jodie Sweetin,7,1.76
22,Jodie Sweetin,8,1.26
22,Kim Fields,1,2.17
22,Kim Fields,2,1.92
22,Kim Fields,3,1.7
22,Kim Fields,4,1.47
22,Kim Fields,5,1.25
22,Kim Fields,6,1.06
22,Kim Fields,7,0.85
22,Marla Maples,1,0.75
22,Marla Maples,2,0.63
22,Marla Maples,3,0.51
22,Marla Maples,4,0.39
22,Mischa Barton,1,0.85
22,Mischa Barton,2,0.71
22,Mischa Barton,3,0.56
22,Nyle DiMarco,1,23.39
22,Nyle DiMarco,2,24.07
22,Nyle DiMarco,3,24.85
22,Nyle DiMarco,4,25.63
22,Nyle DiMarco,5,26.39
22,Nyle DiMarco,6,26.98
22,Nyle DiMarco,7,27.81
22,Nyle DiMarco,8,28.9
22,Nyle DiMarco,9,30.03
22,Nyle DiMarco,10,33.7
22,Paige VanZant,1,21.52
22,Paige VanZant,2,22.04
22,Paige VanZant,3,22.64
22,Paige VanZant,4,23.23
22,Paige VanZant,5,23.79
22,Paige VanZant,6,24.2
22,Paige VanZant,7,24.85
22,Paige VanZant,8,25.66
22,Paige VanZant,9,26.29
22,Paige VanZant,10,29.51
22,Von Miller,1,2.3
22,Von Miller,2,2.05
22,Von Miller,3,1.82
22,Von Miller,4,1.56
22,Von Miller,5,1.32
22,Von Miller,6,1.11
22,Von Miller,7,0.88
22,Wanya Morris,1,7.64
22,Wanya Morris,2,7.34
22,Wanya Morris,3,7.06
22,Wanya Morris,4,6.78
22,Wanya Morris,5,6.49
22,Wanya Morris,6,6.18
22,Wanya Morris,7,5.92
22,Wanya Morris,8,5.54
22,Wanya Morris,9,4.56
23,Amber Rose,1,5.28
23,Amber Rose,2,4.73
23,Amber Rose,3,4.09
23,Amber Rose,4,3.39
23,Amber Rose,5,2.66
23,Amber Rose,6,2.02
23,Babyface,1,3.14
23,Babyface,2,2.73
23,Babyface,3,2.32
23,Babyface,4,1.87
23,Calvin Johnson Jr.,1,23.86
23,Calvin Johnson Jr.,2,25.26
23,Calvin Johnson Jr.,3,26.87
23,Calvin Johnson Jr.,4,28.41
23,Calvin Johnson Jr.,5,30.39
23,Calvin Johnson Jr.,6,31.18
23,Calvin Johnson Jr.,7,32.53
23,Calvin Johnson Jr.,8,33.69
23,Calvin Johnson Jr.,9,35.1
23,Calvin Johnson Jr.,10,36.92
23,Calvin Johnson Jr.,11,38.0
23,Jake T. Austin,1,1.34
23,Jake T. Austin,2,0.9
23,James Hinchcliffe,1,19.6
23,James Hinchcliffe,2,20.71
23,James Hinchcliffe,3,21.92
23,James Hinchcliffe,4,23.1
23,James Hinchcliffe,5,24.75
23,James Hinchcliffe,6,25.55
23,James Hinchcliffe,7,26.7
23,James Hinchcliffe,8,27.79
23,James Hinchcliffe,9,29.09
23,James Hinchcliffe,10,30.52
23,James Hinchcliffe,11,31.39
23,Jana Kramer,1,0.62
23,Jana Kramer,2,0.97
23,Jana Kramer,3,1.46
23,Jana Kramer,4,2.03
23,Jana Kramer,5,2.53
23,Jana Kramer,6,3.03
23,Jana Kramer,7,3.65
23,Jana Kramer,8,4.15
23,Jana Kramer,9,4.58
23,Jana Kramer,10,4.89
23,Jana Kramer,11,4.75
23,Laurie Hernandez,1,17.17
23,Laurie Hernandez,2,17.98
23,Laurie Hernandez,3,18.89
23,Laurie Hernandez,4,19.78
23,Laurie Hernandez,5,21.08
23,Laurie Hernandez,6,21.65
23,Laurie Hernandez,7,22.48
23,Laurie Hernandez,8,23.12
23,Laurie Hernandez,9,23.85
23,Laurie Hernandez,10,25.1
23,Laurie Hernandez,11,25.86
23,Marilu Henner,1,9.5
23,Marilu Henner,2,9.39
23,Marilu Henner,3,9.23
23,Marilu Henner,4,8.97
23,Marilu Henner,5,8.37
23,Marilu Henner,6,7.51
23,Marilu Henner,7,6.75
23,Marilu Henner,8,5.73
23,Marilu Henner,9,4.36
23,Maureen McCormick,1,5.88
23,Maureen McCormick,2,5.12
23,Maureen McCormick,3,4.38
23,Maureen McCormick,4,3.67
23,Maureen McCormick,5,2.93
23,Maureen McCormick,6,2.25
23,Maureen McCormick,7,1.63
23,Rick Perry,1,2.85
23,Rick Perry,2,2.06
23,Rick Perry,3,1.35
23,Ryan Lochte,1,7.63
23,Ryan Lochte,2,7.15
23,Ryan Lochte,3,6.55
23,Ryan Lochte,4,5.84
23,Ryan Lochte,5,4.94
23,Ryan Lochte,6,4.03
23,Ryan Lochte,7,3.14
23,Ryan Lochte,8,2.25
23,Terra Jole,1,0.73
23,Terra Jole,2,1.04
23,Terra Jole,3,1.43
23,Terra Jole,4,1.9
23,Terra Jole,5,2.35
23,Terra Jole,6,2.79
23,Terra Jole,7,3.11
23,Terra Jole,8,3.27
23,Terra Jole,9,3.02
23,Terra Jole,10,2.57
23,Vanilla Ice,1,2.4
23,Vanilla Ice,2,1.96
23,Vanilla Ice,3,1.52
23,Vanilla Ice,4,1.05
24,Bonner Bolton,1,17.41
24,Bonner Bolton,2,17.48
24,Bonner Bolton,3,17.6
24,Bonner Bolton,4,17.58
24,Bonner Bolton,5,17.58
24,Bonner Bolton,6,17.33
24,Bonner Bolton,7,16.88
24,Bonner Bolton,8,15.21
24,Charo,1,0.7
24,Charo,2,0.58
24,Charo,3,0.45
24,Chris Kattan,1,0.47
24,Chris Kattan,2,0.38
24,David Ross,1,36.01
24,David Ross,2,37.85
24,David Ross,3,39.88
24,David Ross,4,41.96
24,David Ross,5,44.24
24,David Ross,6,46.3
24,David Ross,7,48.4
24,David Ross,8,52.18
24,David Ross,9,61.89
24,David Ross,10,63.54
24,Erika Jayne,1,1.37
24,Erika Jayne,2,1.17
24,Erika Jayne,3,1.0
24,Erika Jayne,4,0.81
24,Erika Jayne,5,0.61
24,Heather Morris,1,0.72
24,Heather Morris,2,0.6
24,Heather Morris,3,0.49
24,Heather Morris,4,0.4
24,Heather Morris,5,0.31
24,Heather Morris,6,0.22
24,Mr. T,1,1.63
24,Mr. T,2,1.4
24,Mr. T,3,1.16
24,Mr. T,4,0.89
24,Nancy Kerrigan,1,2.78
24,Nancy Kerrigan,2,2.49
24,Nancy Kerrigan,3,2.23
24,Nancy Kerrigan,4,1.99
24,Nancy Kerrigan,5,1.75
24,Nancy Kerrigan,6,1.52
24,Nancy Kerrigan,7,1.22
24,Nick Viall,1,5.14
24,Nick Viall,2,4.81
24,Nick Viall,3,4.43
24,Nick Viall,4,4.09
24,Nick Viall,5,3.64
24,Nick Viall,6,3.24
24,Nick Viall,7,2.59
24,Normani,1,13.63
24,Normani,2,13.49
24,Normani,3,13.37
24,Normani,4,13.25
24,Normani,5,13.12
24,Normani,6,13.02
24,Normani,7,12.96
24,Normani,8,13.91
24,Normani,9,16.65
24,Normani,10,17.09
24,Rashad Jennings,1,15.33
24,Rashad Jennings,2,15.27
24,Rashad Jennings,3,15.26
24,Rashad Jennings,4,15.2
24,Rashad Jennings,5,15.2
24,Rashad Jennings,6,15.09
24,Rashad Jennings,7,15.0
24,Rashad Jennings,8,15.97
24,Rashad Jennings,9,18.86
24,Rashad Jennings,10,19.37
24,Simone Biles,1,4.81
24,Simone Biles,2,4.47
24,Simone Biles,3,4.14
24,Simone Biles,4,3.84
24,Simone Biles,5,3.55
24,Simone Biles,6,3.29
24,Simone Biles,7,2.95
24,Simone Biles,8,2.72
24,Simone Biles,9,2.6
25,Barbara Corcoran,1,2.83
25,Barbara Corcoran,2,2.23
25,Debbie Gibson,1,0.71
25,Debbie Gibson,2,0.52
25,Derek Fisher,1,2.23
25,Derek Fisher,2,1.93
25,Derek Fisher,3,1.46
25,Derek Fisher,4,1.07
25,Drew Scott,1,1.63
25,Drew Scott,2,2.4
25,Drew Scott,3,3.42
25,Drew Scott,4,4.65
25,Drew Scott,5,6.28
25,Drew Scott,6,8.18
25,Drew Scott,7,11.26
25,Drew Scott,8,14.37
25,Drew Scott,9,16.63
25,Drew Scott,10,17.17
25,Frankie Muniz,1,22.83
25,Frankie Muniz,2,23.87
25,Frankie Muniz,3,25.84
25,Frankie Muniz,4,26.91
25,Frankie Muniz,5,28.25
25,Frankie Muniz,6,29.57
25,Frankie Muniz,7,33.15
25,Frankie Muniz,8,35.24
25,Frankie Muniz,9,37.13
25,Frankie Muniz,10,38.36
25,Jordan Fisher,1,13.36
25,Jordan Fisher,2,13.57
25,Jordan Fisher,3,14.19
25,Jordan Fisher,4,14.34
25,Jordan Fisher,5,14.62
25,Jordan Fisher,6,14.91
25,Jordan Fisher,7,16.34
25,Jordan Fisher,8,16.6
25,Jordan Fisher,9,16.85
25,Jordan Fisher,10,17.42
25,Lindsey Stirling,1,18.52
25,Lindsey Stirling,2,19.2
25,Lindsey Stirling,3,20.48
25,Lindsey Stirling,4,21.09
25,Lindsey Stirling,5,21.89
25,Lindsey Stirling,6,22.71
25,Lindsey Stirling,7,25.3
25,Lindsey Stirling,8,25.88
25,Lindsey Stirling,9,26.17
25,Lindsey Stirling,10,27.05
25,Nick Lachey,1,12.14
25,Nick Lachey,2,12.14
25,Nick Lachey,3,12.07
25,Nick Lachey,4,11.62
25,Nick Lachey,5,10.89
25,Nick Lachey,6,9.69
25,Nikki Bella,1,5.32
25,Nikki Bella,2,5.1
25,Nikki Bella,3,4.67
25,Nikki Bella,4,4.2
25,Nikki Bella,5,3.63
25,Nikki Bella,6,3.15
25,Nikki Bella,7,2.88
25,Sasha Pieterse,1,2.21
25,Sasha Pieterse,2,1.91
25,Sasha Pieterse,3,1.64
25,Sasha Pieterse,4,1.37
25,Sasha Pieterse,5,1.06
25,Terrell Owens,1,9.02
25,Terrell Owens,2,8.43
25,Terrell Owens,3,7.84
25,Terrell Owens,4,7.0
25,Terrell Owens,5,6.24
25,Terrell Owens,6,5.39
25,Terrell Owens,7,5.03
25,Terrell Owens,8,3.66
25,Vanessa Lachey,1,2.93
25,Vanessa Lachey,2,2.69
25,Vanessa Lachey,3,2.5
25,Vanessa Lachey,4,2.26
25,Vanessa Lachey,5,1.94
25,Vanessa Lachey,6,1.53
25,Vanessa Lachey,7,1.29
25,Victoria Arlen,1,6.28
25,Victoria Arlen,2,6.01
25,Victoria Arlen,3,5.86
25,Victoria Arlen,4,5.51
25,Victoria Arlen,5,5.21
25,Victoria Arlen,6,4.87
25,Victoria Arlen,7,4.75
25,Victoria Arlen,8,4.24
25,Victoria Arlen,9,3.23
26,Adam Rippon,1,7.42
26,Adam Rippon,2,7.25
26,Adam Rippon,3,7.8
26,Adam Rippon,4,12.44
26,Arike Ogunbowale,1,1.08
26,Arike Ogunbowale,2,0.84
26,Chris Mazdzer,1,10.81
26,Chris Mazdzer,2,10.76
26,Chris Mazdzer,3,11.11
26,Jamie Anderson,1,0.66
26,Jennie Finch Daigle,1,20.03
26,Jennie Finch Daigle,2,20.79
26,Jennie Finch Daigle,3,22.07
26,Johnny Damon,1,0.95
26,Josh Norman,1,22.53
26,Josh Norman,2,23.64
26,Josh Norman,3,25.59
26,Josh Norman,4,40.8
26,Kareem Abdul-Jabbar,1,7.8
26,Kareem Abdul-Jabbar,2,6.93
26,Mirai Nagasu,1,4.25
26,Mirai Nagasu,2,3.99
26,Mirai Nagasu,3,4.1
26,Tonya Harding,1,24.47
26,Tonya Harding,2,25.8
26,Tonya Harding,3,29.33
26,Tonya Harding,4,46.76
27,Alexis Ren,1,16.29
27,Alexis Ren,2,16.33
27,Alexis Ren,3,16.77
27,Alexis Ren,4,16.83
27,Alexis Ren,5,17.31
27,Alexis Ren,6,17.31
27,Alexis Ren,7,17.74
27,Alexis Ren,8,18.23
27,Alexis Ren,9,20.12
27,Bobby Bones,1,26.22
27,Bobby Bones,2,27.47
27,Bobby Bones,3,28.62
27,Bobby Bones,4,30.0
27,Bobby Bones,5,31.31
27,Bobby Bones,6,32.62
27,Bobby Bones,7,33.96
27,Bobby Bones,8,36.31
27,Bobby Bones,9,39.96
27,Danelle Umstead,1,0.45
27,Danelle Umstead,2,0.34
27,DeMarcus Ware,1,2.78
27,DeMarcus Ware,2,2.51
27,DeMarcus Ware,3,2.25
27,DeMarcus Ware,4,1.98
27,DeMarcus Ware,5,1.67
27,DeMarcus Ware,6,1.4
27,DeMarcus Ware,7,1.12
27,Evanna Lynch,1,15.52
27,Evanna Lynch,2,15.69
27,Evanna Lynch,3,15.83
27,Evanna Lynch,4,16.03
27,Evanna Lynch,5,16.21
27,Evanna Lynch,6,16.34
27,Evanna Lynch,7,16.51
27,Evanna Lynch,8,17.09
27,Evanna Lynch,9,18.81
27,Joe Amabile,1,11.14
27,Joe Amabile,2,10.98
27,Joe Amabile,3,10.71
27,Joe Amabile,4,10.34
27,Joe Amabile,5,9.58
27,Joe Amabile,6,8.89
27,Joe Amabile,7,8.1
27,Joe Amabile,8,6.91
27,John Schneider,1,3.71
27,John Schneider,2,3.42
27,John Schneider,3,3.07
27,John Schneider,4,2.72
27,John Schneider,5,2.28
27,John Schneider,6,1.92
27,John Schneider,7,1.46
27,Juan Pablo Di Pace,1,4.51
27,Juan Pablo Di Pace,2,4.24
27,Juan Pablo Di Pace,3,3.92
27,Juan Pablo Di Pace,4,3.67
27,Juan Pablo Di Pace,5,3.33
27,Juan Pablo Di Pace,6,3.05
27,Juan Pablo Di Pace,7,2.75
27,Juan Pablo Di Pace,8,2.28
27,Mary Lou Retton,1,1.48
27,Mary Lou Retton,2,1.28
27,Mary Lou Retton,3,1.07
27,Mary Lou Retton,4,0.86
27,Mary Lou Retton,5,0.66
27,Mary Lou Retton,6,0.5
27,Milo Manheim,1,16.5
27,Milo Manheim,2,16.76
27,Milo Manheim,3,17.0
27,Milo Manheim,4,17.31
27,Milo Manheim,5,17.67
27,Milo Manheim,6,17.97
27,Milo Manheim,7,18.35
27,Milo Manheim,8,19.18
27,Milo Manheim,9,21.11
27,Nancy McKeon,1,0.66
27,Nancy McKeon,2,0.53
27,Nancy McKeon,3,0.39
27,Nikki Glaser,1,0.18
27,Tinashe,1,0.56
27,Tinashe,2,0.45
27,Tinashe,3,0.35
27,Tinashe,4,0.25
28,Ally Brooke,1,14.39
28,Ally Brooke,2,14.61
28,Ally Brooke,3,15.07
28,Ally Brooke,4,15.26
28,Ally Brooke,5,15.83
28,Ally Brooke,6,15.92
28,Ally Brooke,7,16.05
28,Ally Brooke,8,16.38
28,Ally Brooke,9,17.09
28,Ally Brooke,10,20.78
28,Ally Brooke,11,21.22
28,Hannah Brown,1,14.31
28,Hannah Brown,2,14.7
28,Hannah Brown,3,15.39
28,Hannah Brown,4,15.84
28,Hannah Brown,5,16.69
28,Hannah Brown,6,17.06
28,Hannah Brown,7,17.41
28,Hannah Brown,8,17.98
28,Hannah Brown,9,19.02
28,Hannah Brown,10,23.28
28,Hannah Brown,11,23.76
28,James Van Der Beek,1,0.3
28,James Van Der Beek,2,0.46
28,James Van Der Beek,3,0.63
28,James Van Der Beek,4,0.84
28,James Van Der Beek,5,1.05
28,James Van Der Beek,6,1.3
28,James Van Der Beek,7,1.5
28,James Van Der Beek,8,1.65
28,James Van Der Beek,9,1.77
28,James Van Der Beek,10,2.06
28,Karamo Brown,1,3.31
28,Karamo Brown,2,2.97
28,Karamo Brown,3,2.61
28,Karamo Brown,4,2.25
28,Karamo Brown,5,1.93
28,Karamo Brown,6,1.6
28,Karamo Brown,7,1.24
28,Kate Flannery,1,5.3
28,Kate Flannery,2,4.87
28,Kate Flannery,3,4.52
28,Kate Flannery,4,4.11
28,Kate Flannery,5,3.71
28,Kate Flannery,6,3.25
28,Kate Flannery,7,2.8
28,Kate Flannery,8,2.26
28,Kel Mitchell,1,15.2
28,Kel Mitchell,2,15.51
28,Kel Mitchell,3,16.07
28,Kel Mitchell,4,16.34
28,Kel Mitchell,5,17.04
28,Kel Mitchell,6,17.22
28,Kel Mitchell,7,17.51
28,Kel Mitchell,8,17.96
28,Kel Mitchell,9,18.85
28,Kel Mitchell,10,22.96
28,Kel Mitchell,11,23.44
28,Lamar Odom,1,5.7
28,Lamar Odom,2,5.0
28,Lamar Odom,3,3.96
28,Lamar Odom,4,3.07
28,Lauren Alaina,1,17.63
28,Lauren Alaina,2,18.35
28,Lauren Alaina,3,19.37
28,Lauren Alaina,4,20.08
28,Lauren Alaina,5,21.35
28,Lauren Alaina,6,22.0
28,Lauren Alaina,7,22.84
28,Lauren Alaina,8,24.08
28,Lauren Alaina,9,25.35
28,Lauren Alaina,10,30.92
28,Lauren Alaina,11,31.57
28,Mary Wilson,1,0.92
28,Mary Wilson,2,0.71
28,Ray Lewis,1,1.03
28,Ray Lewis,2,0.78
28,Sailor Brinkley-Cook,1,1.73
28,Sailor Brinkley-Cook,2,1.46
28,Sailor Brinkley-Cook,3,1.15
28,Sailor Brinkley-Cook,4,0.89
28,Sailor Brinkley-Cook,5,0.68
28,Sailor Brinkley-Cook,6,0.5
28,Sean Spicer,1,20.18
28,Sean Spicer,2,20.57
28,Sean Spicer,3,21.23
28,Sean Spicer,4,21.33
28,Sean Spicer,5,21.71
28,Sean Spicer,6,21.16
28,Sean Spicer,7,20.65
28,Sean Spicer,8,19.68
28,Sean Spicer,9,17.92
29,AJ McLean,1,6.03
29,AJ McLean,2,5.73
29,AJ McLean,3,5.42
29,AJ McLean,4,5.07
29,AJ McLean,5,4.66
29,AJ McLean,6,4.21
29,AJ McLean,7,3.76
29,AJ McLean,8,3.21
29,AJ McLean,9,2.55
29,Anne Heche,1,1.44
29,Anne Heche,2,1.14
29,Anne Heche,3,0.86
29,Anne Heche,4,0.58
29,Carole Baskin,1,2.87
29,Carole Baskin,2,2.11
29,Carole Baskin,3,1.49
29,Charles Oakley,1,0.93
29,Charles Oakley,2,0.58
29,Chrishell Stause,1,6.15
29,Chrishell Stause,2,5.45
29,Chrishell Stause,3,4.78
29,Chrishell Stause,4,4.16
29,Chrishell Stause,5,3.5
29,Chrishell Stause,6,2.8
29,Chrishell Stause,7,2.17
29,Chrishell Stause,8,1.55
29,Jeannie Mai,1,3.14
29,Jeannie Mai,2,2.78
29,Jeannie Mai,3,2.41
29,Jeannie Mai,4,2.06
29,Jeannie Mai,5,1.65
29,Jeannie Mai,6,1.28
29,Jeannie Mai,7,0.95
29,Jesse Metcalfe,1,2.17
29,Jesse Metcalfe,2,1.83
29,Jesse Metcalfe,3,1.51
29,Jesse Metcalfe,4,1.21
29,Jesse Metcalfe,5,0.89
29,Johnny Weir,1,0.42
29,Johnny Weir,2,0.6
29,Johnny Weir,3,0.81
29,Johnny Weir,4,1.07
29,Johnny Weir,5,1.32
29,Johnny Weir,6,1.61
29,Johnny Weir,7,1.83
29,Johnny Weir,8,1.93
29,Johnny Weir,9,1.9
29,Johnny Weir,10,1.78
29,Justina Machado,1,17.0
29,Justina Machado,2,17.84
29,Justina Machado,3,18.72
29,Justina Machado,4,19.57
29,Justina Machado,5,20.21
29,Justina Machado,6,20.78
29,Justina Machado,7,21.3
29,Justina Machado,8,22.04
29,Justina Machado,9,22.72
29,Justina Machado,10,23.45
29,Justina Machado,11,24.41
29,Kaitlyn Bristowe,1,16.09
29,Kaitlyn Bristowe,2,16.8
29,Kaitlyn Bristowe,3,17.51
29,Kaitlyn Bristowe,4,18.26
29,Kaitlyn Bristowe,5,18.78
29,Kaitlyn Bristowe,6,19.3
29,Kaitlyn Bristowe,7,19.74
29,Kaitlyn Bristowe,8,20.2
29,Kaitlyn Bristowe,9,20.48
29,Kaitlyn Bristowe,10,21.06
29,Kaitlyn Bristowe,11,21.92
29,Monica Aldama,1,3.39
29,Monica Aldama,2,3.07
29,Monica Aldama,3,2.69
29,Monica Aldama,4,2.33
29,Monica Aldama,5,1.95
29,Monica Aldama,6,1.59
29,Monica Aldama,7,1.27
29,Nelly,1,23.11
29,Nelly,2,24.46
29,Nelly,3,25.85
29,Nelly,4,27.24
29,Nelly,5,28.3
29,Nelly,6,29.31
29,Nelly,7,30.21
29,Nelly,8,31.64
29,Nelly,9,32.58
29,Nelly,10,33.51
29,Nelly,11,34.88
29,Nev Schulman,1,14.37
29,Nev Schulman,2,14.88
29,Nev Schulman,3,15.36
29,Nev Schulman,4,15.88
29,Nev Schulman,5,16.17
29,Nev Schulman,6,16.44
29,Nev Schulman,7,16.6
29,Nev Schulman,8,17.09
29,Nev Schulman,9,17.48
29,Nev Schulman,10,18.06
29,Nev Schulman,11,18.79
29,Skai Jackson,1,0.31
29,Skai Jackson,2,0.53
29,Skai Jackson,3,0.79
29,Skai Jackson,4,1.1
29,Skai Jackson,5,1.47
29,Skai Jackson,6,1.89
29,Skai Jackson,7,2.17
29,Skai Jackson,8,2.34
29,Skai Jackson,9,2.29
29,Skai Jackson,10,2.13
29,Veron Davis,1,2.59
29,Veron Davis,2,2.2
29,Veron Davis,3,1.8
29,Veron Davis,4,1.48
29,Veron Davis,5,1.11
29,Veron Davis,6,0.78
30,Amanda Kloots,1,7.68
30,Amanda Kloots,2,7.47
30,Amanda Kloots,3,7.37
30,Amanda Kloots,4,7.14
30,Amanda Kloots,5,7.07
30,Amanda Kloots,6,7.16
30,Amanda Kloots,7,7.35
30,Amanda Kloots,8,7.47
30,Amanda Kloots,9,7.92
30,Amanda Kloots,10,8.31
30,Brian Austin Green,1,2.84
30,Brian Austin Green,2,2.59
30,Brian Austin Green,3,2.41
30,Brian Austin Green,4,2.1
30,Christine Chiu,1,0.19
30,Christine Chiu,2,0.15
30,Christine Chiu,3,0.12
30,Cody Rigsby,1,21.75
30,Cody Rigsby,2,22.46
30,Cody Rigsby,3,23.74
30,Cody Rigsby,4,24.27
30,Cody Rigsby,5,25.26
30,Cody Rigsby,6,26.4
30,Cody Rigsby,7,27.96
30,Cody Rigsby,8,30.0
30,Cody Rigsby,9,33.46
30,Cody Rigsby,10,35.12
30,Iman Shumpert,1,33.25
30,Iman Shumpert,2,35.39
30,Iman Shumpert,3,38.3
30,Iman Shumpert,4,40.53
30,Iman Shumpert,5,43.92
30,Iman Shumpert,6,44.08
30,Iman Shumpert,7,44.97
30,Iman Shumpert,8,46.26
30,Iman Shumpert,9,48.69
30,Iman Shumpert,10,51.09
30,Jimmie Allen,1,5.87
30,Jimmie Allen,2,5.61
30,Jimmie Allen,3,5.45
30,Jimmie Allen,4,5.14
30,Jimmie Allen,5,4.94
30,Jimmie Allen,6,4.75
30,Jimmie Allen,7,4.64
30,Jimmie Allen,8,4.57
30,JoJo Siwa,1,5.65
30,JoJo Siwa,2,5.39
30,JoJo Siwa,3,5.22
30,JoJo Siwa,4,4.95
30,JoJo Siwa,5,4.82
30,JoJo Siwa,6,4.78
30,JoJo Siwa,7,4.82
30,JoJo Siwa,8,4.92
30,JoJo Siwa,9,5.23
30,JoJo Siwa,10,5.48
30,Kenya Moore,1,3.02
30,Kenya Moore,2,2.76
30,Kenya Moore,3,2.58
30,Kenya Moore,4,2.32
30,Kenya Moore,5,2.03
30,Kenya Moore,6,1.78
30,Martin Kove,1,2.66
30,Martin Kove,2,2.41
30,Matt James,1,1.36
30,Matt James,2,1.19
30,Matt James,3,1.05
30,Matt James,4,0.87
30,Melanie C,1,0.34
30,Melanie C,2,0.28
30,Melanie C,3,0.22
30,Melanie C,4,0.17
30,Melanie C,5,0.12
30,Melora Hardin,1,3.93
30,Melora Hardin,2,3.65
30,Melora Hardin,3,3.46
30,Melora Hardin,4,3.2
30,Melora Hardin,5,3.05
30,Melora Hardin,6,2.92
30,Melora Hardin,7,2.76
30,Melora Hardin,8,2.62
30,Melora Hardin,9,2.6
30,"Mike ""The Miz"" Mizanin",1,4.71
30,"Mike ""The Miz"" Mizanin",2,4.44
30,"Mike ""The Miz"" Mizanin",3,4.25
30,"Mike ""The Miz"" Mizanin",4,3.98
30,"Mike ""The Miz"" Mizanin",5,3.8
30,"Mike ""The Miz"" Mizanin",6,3.41
30,"Mike ""The Miz"" Mizanin",7,3.02
30,Olivia Jade,1,3.1
30,Olivia Jade,2,2.85
30,Olivia Jade,3,2.66
30,Olivia Jade,4,2.43
30,Olivia Jade,5,2.27
30,Olivia Jade,6,2.14
30,Olivia Jade,7,2.02
30,Olivia Jade,8,1.94
30,Suni Lee,1,3.63
30,Suni Lee,2,3.37
30,Suni Lee,3,3.17
30,Suni Lee,4,2.91
30,Suni Lee,5,2.72
30,Suni Lee,6,2.58
30,Suni Lee,7,2.45
30,Suni Lee,8,2.22
30,Suni Lee,9,2.1
31,Charli D'Amelio,1,3.88
31,Charli D'Amelio,2,3.61
31,Charli D'Amelio,3,3.33
31,Charli D'Amelio,4,3.09
31,Charli D'Amelio,5,2.86
31,Charli D'Amelio,6,2.78
31,Charli D'Amelio,7,2.82
31,Charli D'Amelio,8,2.91
31,Charli D'Amelio,9,8.42
31,Charli D'Amelio,10,11.89
31,Cheryl Ladd,1,1.16
31,Cheryl Ladd,2,0.99
31,Cheryl Ladd,3,0.74
31,Daniel Durant,1,8.13
31,Daniel Durant,2,7.87
31,Daniel Durant,3,7.65
31,Daniel Durant,4,7.38
31,Daniel Durant,5,7.15
31,Daniel Durant,6,6.47
31,Daniel Durant,7,6.06
31,Daniel Durant,8,5.7
31,Daniel Durant,9,14.91
31,Gabby Windey,1,6.02
31,Gabby Windey,2,5.77
31,Gabby Windey,3,5.46
31,Gabby Windey,4,5.22
31,Gabby Windey,5,4.95
31,Gabby Windey,6,4.96
31,Gabby Windey,7,5.14
31,Gabby Windey,8,5.33
31,Gabby Windey,9,15.29
31,Gabby Windey,10,21.66
31,Heidi D'Amelio,1,4.84
31,Heidi D'Amelio,2,4.55
31,Heidi D'Amelio,3,4.27
31,Heidi D'Amelio,4,4.0
31,Heidi D'Amelio,5,3.75
31,Heidi D'Amelio,6,3.67
31,Heidi D'Amelio,7,3.72
31,Heidi D'Amelio,8,3.67
31,Jason Lewis,1,0.44
31,Jessie James Decker,1,2.59
31,Jessie James Decker,2,2.31
31,Jessie James Decker,3,2.05
31,Jessie James Decker,4,1.78
31,Jessie James Decker,5,1.54
31,Jessie James Decker,6,1.26
31,Jordin Sparks,1,2.85
31,Jordin Sparks,2,2.6
31,Jordin Sparks,3,2.35
31,Jordin Sparks,4,2.13
31,Jordin Sparks,5,1.92
31,Jordin Sparks,6,1.63
31,Jordin Sparks,7,1.38
31,Joseph Baena,1,1.07
31,Joseph Baena,2,0.91
31,Joseph Baena,3,0.75
31,Joseph Baena,4,0.61
31,Joseph Baena,5,0.48
31,Sam Champion,1,1.82
31,Sam Champion,2,1.58
31,Sam Champion,3,1.37
31,Sam Champion,4,1.12
31,Selma Blair,1,0.17
31,Selma Blair,2,0.13
31,Selma Blair,3,0.1
31,Selma Blair,4,0.07
31,Selma Blair,5,0.04
31,Shangela,1,8.03
31,Shangela,2,7.85
31,Shangela,3,7.55
31,Shangela,4,7.35
31,Shangela,5,7.09
31,Shangela,6,7.21
31,Shangela,7,7.54
31,Shangela,8,8.09
31,Shangela,9,24.06
31,Shangela,10,34.12
31,Teresa Giudice,1,0.35
31,Teresa Giudice,2,0.26
31,Trevor Donovan,1,6.67
31,Trevor Donovan,2,6.39
31,Trevor Donovan,3,6.1
31,Trevor Donovan,4,5.81
31,Trevor Donovan,5,5.49
31,Trevor Donovan,6,5.27
31,Trevor Donovan,7,5.19
31,Trevor Donovan,8,5.23
31,Trevor Donovan,9,14.55
31,Vinny Guadagnino,1,44.32
31,Vinny Guadagnino,2,47.69
31,Vinny Guadagnino,3,51.11
31,Vinny Guadagnino,4,54.47
31,Vinny Guadagnino,5,58.03
31,Vinny Guadagnino,6,59.93
31,Vinny Guadagnino,7,61.03
31,Vinny Guadagnino,8,61.43
31,Wayne Brady,1,7.67
31,Wayne Brady,2,7.49
31,Wayne Brady,3,7.17
31,Wayne Brady,4,6.98
31,Wayne Brady,5,6.71
31,Wayne Brady,6,6.85
31,Wayne Brady,7,7.12
31,Wayne Brady,8,7.65
31,Wayne Brady,9,22.77
31,Wayne Brady,10,32.32
32,Adrian Peterson,1,0.86
32,Adrian Peterson,2,0.72
32,Adrian Peterson,3,0.57
32,Adrian Peterson,4,0.41
32,Alyson Hannigan,1,23.35
32,Alyson Hannigan,2,24.35
32,Alyson Hannigan,3,25.51
32,Alyson Hannigan,4,26.64
32,Alyson Hannigan,5,27.73
32,Alyson Hannigan,6,28.83
32,Alyson Hannigan,7,30.09
32,Alyson Hannigan,8,31.36
32,Alyson Hannigan,9,34.15
32,Alyson Hannigan,10,42.38
32,Alyson Hannigan,11,42.46
32,Ariana Madix,1,10.32
32,Ariana Madix,2,10.25
32,Ariana Madix,3,10.21
32,Ariana Madix,4,10.17
32,Ariana Madix,5,10.15
32,Ariana Madix,6,10.14
32,Ariana Madix,7,10.33
32,Ariana Madix,8,10.46
32,Ariana Madix,9,11.16
32,Ariana Madix,10,13.84
32,Ariana Madix,11,13.88
32,Barry Williams,1,5.71
32,Barry Williams,2,5.43
32,Barry Williams,3,5.16
32,Barry Williams,4,4.82
32,Barry Williams,5,4.38
32,Barry Williams,6,3.88
32,Barry Williams,7,3.3
32,Barry Williams,8,2.5
32,Charity Lawson,1,10.5
32,Charity Lawson,2,10.44
32,Charity Lawson,3,10.42
32,Charity Lawson,4,10.39
32,Charity Lawson,5,10.38
32,Charity Lawson,6,10.43
32,Charity Lawson,7,10.67
32,Charity Lawson,8,10.79
32,Charity Lawson,9,11.41
32,Charity Lawson,10,14.15
32,Charity Lawson,11,14.18
32,Harry Jowsey,1,19.88
32,Harry Jowsey,2,20.51
32,Harry Jowsey,3,21.16
32,Harry Jowsey,4,21.79
32,Harry Jowsey,5,22.47
32,Harry Jowsey,6,22.73
32,Harry Jowsey,7,22.55
32,Harry Jowsey,8,21.85
32,Harry Jowsey,9,19.59
32,Jamie Lynn Spears,1,0.3
32,Jamie Lynn Spears,2,0.22
32,Jason Mraz,1,13.15
32,Jason Mraz,2,13.44
32,Jason Mraz,3,13.43
32,Jason Mraz,4,13.78
32,Jason Mraz,5,13.82
32,Jason Mraz,6,14.3
32,Jason Mraz,7,14.72
32,Jason Mraz,8,15.42
32,Jason Mraz,9,15.74
32,Jason Mraz,10,19.76
32,Jason Mraz,11,19.58
32,Lele Pons,1,1.95
32,Lele Pons,2,1.74
32,Lele Pons,3,1.55
32,Lele Pons,4,1.37
32,Lele Pons,5,1.16
32,Lele Pons,6,0.93
32,Lele Pons,7,0.72
32,Matt Walsh,1,0.27
32,Mauricio Umansky,1,3.02
32,Mauricio Umansky,2,2.77
32,Mauricio Umansky,3,2.38
32,Mauricio Umansky,4,2.02
32,Mauricio Umansky,5,1.59
32,Mauricio Umansky,6,1.21
32,Mira Sorvino,1,1.45
32,Mira Sorvino,2,1.26
32,Mira Sorvino,3,1.08
32,Mira Sorvino,4,0.91
32,Mira Sorvino,5,0.71
32,Tyson Beckford,1,1.02
32,Tyson Beckford,2,0.84
32,Tyson Beckford,3,0.66
32,Xochitl Gomez,1,8.2
32,Xochitl Gomez,2,8.02
32,Xochitl Gomez,3,7.87
32,Xochitl Gomez,4,7.73
32,Xochitl Gomez,5,7.61
32,Xochitl Gomez,6,7.54
32,Xochitl Gomez,7,7.62
32,Xochitl Gomez,8,7.62
32,Xochitl Gomez,9,7.96
32,Xochitl Gomez,10,9.87
32,Xochitl Gomez,11,9.9
33,Anna Delvey,1,0.43
33,Anna Delvey,2,0.35
33,Brooks Nader,1,0.84
33,Brooks Nader,2,0.71
33,Brooks Nader,3,0.58
33,Brooks Nader,4,0.48
33,Chandler Kinney,1,8.16
33,Chandler Kinney,2,7.84
33,Chandler Kinney,3,7.83
33,Chandler Kinney,4,8.18
33,Chandler Kinney,5,8.0
33,Chandler Kinney,6,7.65
33,Chandler Kinney,7,7.8
33,Chandler Kinney,8,8.19
33,Chandler Kinney,9,8.3
33,Danny Amendola,1,15.46
33,Danny Amendola,2,15.69
33,Danny Amendola,3,16.05
33,Danny Amendola,4,17.65
33,Danny Amendola,5,17.91
33,Danny Amendola,6,18.28
33,Danny Amendola,7,18.81
33,Danny Amendola,8,20.04
33,Danny Amendola,9,20.02
33,Dwight Howard ,1,8.48
33,Dwight Howard ,2,8.29
33,Dwight Howard ,3,8.17
33,Dwight Howard ,4,8.39
33,Dwight Howard ,5,7.56
33,Dwight Howard ,6,6.68
33,Dwight Howard ,7,6.03
33,Eric Roberts,1,4.31
33,Eric Roberts,2,4.04
33,Eric Roberts,3,3.43
33,Ilona Maher,1,28.25
33,Ilona Maher,2,29.77
33,Ilona Maher,3,31.65
33,Ilona Maher,4,36.15
33,Ilona Maher,5,37.99
33,Ilona Maher,6,40.36
33,Ilona Maher,7,40.71
33,Ilona Maher,8,43.38
33,Ilona Maher,9,43.33
33,Jenn Tran,1,1.96
33,Jenn Tran,2,1.75
33,Jenn Tran,3,1.51
33,Jenn Tran,4,1.39
33,Jenn Tran,5,1.11
33,Jenn Tran,6,0.82
33,Joey Graziadei,1,9.0
33,Joey Graziadei,2,8.82
33,Joey Graziadei,3,8.73
33,Joey Graziadei,4,9.3
33,Joey Graziadei,5,9.13
33,Joey Graziadei,6,8.98
33,Joey Graziadei,7,9.18
33,Joey Graziadei,8,9.78
33,Joey Graziadei,9,9.76
33,Phaedra Parks,1,2.1
33,Phaedra Parks,2,1.89
33,Phaedra Parks,3,1.68
33,Phaedra Parks,4,1.53
33,Phaedra Parks,5,1.21
33,Reginald VelJohnson,1,5.88
33,Reginald VelJohnson,2,5.61
33,Reginald VelJohnson,3,4.98
33,Stephen Nedoroscik,1,14.9
33,Stephen Nedoroscik,2,15.08
33,Stephen Nedoroscik,3,15.4
33,Stephen Nedoroscik,4,16.93
33,Stephen Nedoroscik,5,17.1
33,Stephen Nedoroscik,6,17.23
33,Stephen Nedoroscik,7,17.47
33,Stephen Nedoroscik,8,18.61
33,Stephen Nedoroscik,9,18.59
33,Tori Spelling,1,0.22
33,Tori Spelling,2,0.17
34,Alix Earle,1,7.2
34,Alix Earle,2,7.05
34,Alix Earle,3,7.06
34,Alix Earle,4,6.95
34,Alix Earle,5,6.83
34,Alix Earle,6,6.7
34,Alix Earle,7,6.81
34,Alix Earle,8,7.04
34,Alix Earle,9,7.28
34,Alix Earle,10,13.76
34,Alix Earle,11,13.81
34,Andy Richter,1,35.08
34,Andy Richter,2,37.55
34,Andy Richter,3,40.65
34,Andy Richter,4,42.87
34,Andy Richter,5,44.59
34,Andy Richter,6,45.99
34,Andy Richter,7,48.19
34,Andy Richter,8,47.79
34,Andy Richter,9,46.98
34,Baron Davis,1,0.85
34,Baron Davis,2,0.62
34,Corey Feldman,1,2.44
34,Corey Feldman,2,1.97
34,Danielle Fishel,1,3.3
34,Danielle Fishel,2,3.01
34,Danielle Fishel,3,2.71
34,Danielle Fishel,4,2.37
34,Danielle Fishel,5,1.95
34,Danielle Fishel,6,1.61
34,Danielle Fishel,7,1.36
34,Danielle Fishel,8,1.1
34,Dylan Efron,1,11.23
34,Dylan Efron,2,11.07
34,Dylan Efron,3,11.15
34,Dylan Efron,4,11.04
34,Dylan Efron,5,10.92
34,Dylan Efron,6,10.79
34,Dylan Efron,7,10.96
34,Dylan Efron,8,11.33
34,Dylan Efron,9,11.73
34,Dylan Efron,10,22.25
34,Dylan Efron,11,22.33
34,Elaine Hendrix,1,13.03
34,Elaine Hendrix,2,13.24
34,Elaine Hendrix,3,13.8
34,Elaine Hendrix,4,14.11
34,Elaine Hendrix,5,14.46
34,Elaine Hendrix,6,14.79
34,Elaine Hendrix,7,15.69
34,Elaine Hendrix,8,16.26
34,Elaine Hendrix,9,16.91
34,Elaine Hendrix,10,31.85
34,Elaine Hendrix,11,31.96
34,Hilaria Baldwin,1,0.59
34,Hilaria Baldwin,2,0.47
34,Hilaria Baldwin,3,0.36
34,Hilaria Baldwin,4,0.26
34,Jen Affleck,1,2.53
34,Jen Affleck,2,2.25
34,Jen Affleck,3,2.04
34,Jen Affleck,4,1.74
34,Jen Affleck,5,1.44
34,Jen Affleck,6,1.19
34,Jen Affleck,7,0.97
34,Jordan Chiles,1,9.41
34,Jordan Chiles,2,9.13
34,Jordan Chiles,3,9.09
34,Jordan Chiles,4,8.89
34,Jordan Chiles,5,8.71
34,Jordan Chiles,6,8.52
34,Jordan Chiles,7,8.63
34,Jordan Chiles,8,8.89
34,Jordan Chiles,9,9.21
34,Jordan Chiles,10,17.41
34,Jordan Chiles,11,17.47
34,Lauren Jauregui,1,1.14
34,Lauren Jauregui,2,0.95
34,Lauren Jauregui,3,0.79
34,Robert Irwin,1,7.37
34,Robert Irwin,2,7.25
34,Robert Irwin,3,7.38
34,Robert Irwin,4,7.26
34,Robert Irwin,5,7.19
34,Robert Irwin,6,7.0
34,Robert Irwin,7,7.17
34,Robert Irwin,8,7.35
34,Robert Irwin,9,7.64
34,Robert Irwin,10,14.27
34,Robert Irwin,11,14.43
34,Scott Hoying,1,5.74
34,Scott Hoying,2,5.31
34,Scott Hoying,3,4.84
34,Scott Hoying,4,4.33
34,Scott Hoying,5,3.73
34,Scott Hoying,6,3.21
34,Whitney Leavitt,1,0.08
34,Whitney Leavitt,2,0.12
34,Whitney Leavitt,3,0.14
34,Whitney Leavitt,4,0.17
34,Whitney Leavitt,5,0.18
34,Whitney Leavitt,6,0.2
34,Whitney Leavitt,7,0.22
34,Whitney Leavitt,8,0.25
34,Whitney Leavitt,9,0.25
34,Whitney Leavitt,10,0.45
